tic,weburl
KBAL,www.kimball.com
ARTNA,www.artesianwater.com
HAWK,www.blackhawknetwork.com
PETX,www.aratana.com
CZNC,www.cnbankpa.com
SUNE,www.sunedison.com
RWT,www.redwoodtrust.com
FFNM,www.first-federal.com
WLL,www.whiting.com
CYTK,www.cytokinetics.com
MA,www.mastercard.com
BMI,www.badgermeter.com
DWCH,www.datawatch.com
FC,www.franklincovey.com
STXS,www.stereotaxis.com
OHRP,www.ohrpharmaceutical.com
RFIL,www.rfindustries.com
DRE,www.dukerealty.com
BH,www.biglariholdings.com
CTO,www.consolidatedtomoka.com
TAP,www.molsoncoors.com
ROYL,www.royl.com
CASH,www.metafinancialgroup.com
AXE,www.anixter.com
LSCC,www.latticesemi.com
WMAR,www.westmarine.com
WSBF,NULL
ADXS,www.advaxis.com
CLH,www.cleanharbors.com
SPDC,www.speedcommerce.com
ANCI,www.americancaresource.com
VNDA,www.vandapharmaceuticals.com
FLO,www.flowersfoods.com
QLGC,www.qlogic.com
RKT,www.rocktenn.com
VVUS,www.vivus.com
TWER,www.towerstream.com
PPHM,www.peregrineinc.com
GE,www.ge.com
KYTH,www.kytherabiopharma.com
URRE,www.uraniumresources.com
CAP,www.capps.com
SIVB,www.svb.com
TMP,www.tompkinsfinancial.com
DSCI,www.dermasciences.com
BTH,www.blythinc.com
HIW,www.highwoods.com
LPT,www.libertyproperty.com
WHR,www.whirlpoolcorp.com
MPG,mpgdriven.com
MYRG,www.myrgroup.com
3HECC,www.hydrocarb.com
HLT,www.hiltonworldwide.com
MSBF,www.millingtonsb.com
NCMI,www.ncm.com
CCE,www.cokecce.com
BHE,www.bench.com
SPPI,www.sppirx.com
BJRI,www.bjsrestaurants.com
KAR,www.karauctionservices.com
TREC,www.trecora.com
VAR,www.varian.com
WGL,www.wglholdings.com
OTIC,www.otonomy.com
LSTR,www.landstar.com
CSGS,www.csgi.com
3BFDI,www.brekford.com
PED,www.pacificenergydevelopment.com
HTGM,www.htgmolecular.com
ONTY,www.oncothyreon.com
PBFX,www.pbflogistics.com
KRC,www.kilroyrealty.com
ADNC,www.audience.com
ONVO,www.organovo.com
RRC,www.rangeresources.com
MGEE,www.mgeenergy.com
COUP,www.couponsinc.com
TUBE,www.tubemogul.com
PMC,www.pharmerica.com
EVOK,www.evokepharma.com
XLRN,www.acceleronpharma.com
BNFT,www.benefitfocus.com
IMNP,www.immunepharmaceuticals.com
SEMI,www.sunedisonsemi.com
RAX,www.rackspace.com
TPL,www.tpltrust.com
PVA,www.pennvirginia.com
EXC,www.exeloncorp.com
3XREG,xrenergy.com
SCS,www.steelcase.com
CBAN,www.colonybank.com
SHEN,www.shentel.com
HCBK,www.hcsbonline.com
AOL,www.corp.aol.com
MERU,www.merunetworks.com
EBMT,www.americanfederalsavingsbank.com
ICLD,www.intercloudsys.com
NAVI,www.navient.com
STI,www.suntrust.com
SGC,www.superioruniformgroup.com
SANM,www.sanmina.com
BV,www.bazaarvoice.com
VSTM,www.verastem.com
INFA,www.informatica.com
TCRD,www.thlcredit.com
CRCM,www.care.com
GIII,www.g-iii.com
CBPX,www.continental-bp.com
WWE,www.wwe.com
UBNT,www.ubnt.com
CBF,www.capitalbank-us.com
ZNGA,www.zynga.com
LEU,www.centrusenergy.com
STAG,www.stagreit.com
APTS,www.pacapts.com
EVTC,www.evertecinc.com
CSOD,www.cornerstoneondemand.com
AEE,www.ameren.com
UPS,www.ups.com
ABC,www.amerisourcebergen.com
ALR,www.alere.com
RICK,www.ricks.com
JCI,www.johnsoncontrols.com
DATA,www.tableausoftware.com
PTLA,www.portola.com
ENG,www.englobal.com
ADBE,www.adobe.com
NHTC,www.naturalhealthtrendscorp.com
QLTY,www.qualitydistribution.com
TGI,www.triumphgroup.com
FORR,www.forrester.com
LKQ,www.lkqcorp.com
SRC,www.spiritrealty.com
PSEC,www.prospectstreet.com
KOPN,www.kopin.com
EGHT,www.8x8.com
3DCBF,www.webdcb.com
3CRVW,www.care-view.com
LOCM,www.localcorporation.com
ORA,www.ormat.com
HPY,www.heartlandpaymentsystems.com
KEM,www.kemet.com
MTX,www.mineralstech.com
PQ,www.petroquest.com
NICK,www.nicholasfinancial.com
PCBK,www.therightbank.com
BFIN,www.bankfinancial.com
CNSL,www.consolidated.com
ANR,www.alphanr.com
AMTX,www.aemetis.com
ED,www.conedison.com
HURC,www.hurco.com
GFF,www.griffoncorp.com
AAMC,www.altisourceamc.com
QCRH,www.qcbt.com
MITK,www.miteksystems.com
AJRD,www.aerojetrocketdyne.com
UBOH,www.theubank.com
CFR,www.frostbank.com
DAN,www.dana.com
MHR,www.magnumhunterresources.com
BWP,www.bwpmlp.com
VIAB,www.viacom.com
FDP,www.freshdelmonte.com
LMIA,www.lmiaerospace.com
BOCH,www.bankofcommerceholdings.com
ASRV,www.ameriservfinancial.com
WU,www.westernunion.com
SPP,www.sanchezproductionpartners.com
HON,www.honeywell.com
ARKR,www.arkrestaurants.com
ANSS,www.ansys.com
BVSN,www.broadvision.com
BAGR,www.diversifiedrestaurantholdings.com
MYOS,www.myoscorp.com
HEI,www.heico.com
AMBA,www.ambarella.com
ZINC,www.horsehead.net
HRB,www.hrblock.com
DKL,www.deleklogistics.com
CSAL,www.cslreit.com
INUV,www.inuvo.com
XBIT,www.xbiotech.com
CDTX,www.cidara.com
ANF,www.abercrombie.com
ADUS,www.addus.com
ARTW,www.artsway-mfg.com
AXDX,www.acceleratediagnostics.com
USDP,www.usdpartners.com
FSAM,www.fifthstreetfinance.com
SFST,www.southernfirst.com
APP,www.americanapparel.net
SATS,www.echostar.com
CSII,www.csi360.com
CVR,www.chicagorivet.com
COHU,www.cohu.com
HIFR,www.infrareitinc.com
TCON,www.traconpharma.com
PATI,www.patriottrans.com
UQM,www.uqm.com
NVTA,invitae.com
TEX,www.terex.com
CZR,www.caesars.com
LOW,www.lowes.com
LDL,www.lydall.com
3CURM,www.curmusic.com
VRTV,www.veritivcorp.com
CCBG,www.ccbg.com
ZOES,www.zoeskitchen.com
RMAX,www.remax.com
LDRH,www.ldr.com
AERI,www.aeriepharma.com
VRS,www.versoco.com
TTMI,www.ttmtech.com
PHIIK,www.phihelico.com
SENEA,www.senecafoods.com
CAPN,www.capnia.com
IRMD,www.iradimed.com
TTOO,www.t2biosystems.com
CLW,www.clearwaterpaper.com
IIN,www.intricon.com
EGY,www.vaalco.com
TWO,www.twoharborsinvestment.com
SMP,www.smpcorp.com
HUM,www.humana.com
MON,www.monsanto.com
IMI,www.intermolecular.com
PDFS,www.pdf.com
RAVN,www.ravenind.com
X,www.ussteel.com
GBL,www.gabelli.com
NVFY,www.novalifestyle.com
ECT,NULL
RLD,www.reald.com
TOWR,www.towerinternational.com
PKD,www.parkerdrilling.com
MMI,www.marcusmillichap.com
GSBC,www.greatsouthernbank.com
CNCE,www.concertpharma.com
BRSS,www.gbcholdings.com
BAH,www.boozallen.com
UNH,www.unitedhealthgroup.com
DLTR,www.dollartreestoresinc.com
PCMI,www.pcmall.com
YELP,www.yelp.com
ADVS,www.advent.com
LG,www.thelacledegroup.com
NDLS,www.noodles.com
VIVO,www.meridianbioscience.com
GVP,www.gses.com
CVGW,www.calavo.com
FORM,www.formfactor.com
EBF,www.ennis.com
KINS,www.kingstonecompanies.com
ABCW,www.anchorbank.com
HCP,www.hcpi.com
MW,www.menswearhouse.com
ADAT,www.authentidate.com
FIX,www.comfortsystemsusa.com
GPT,www.gptreit.com
CNL,www.cleco.com
ABMD,www.abiomed.com
TIF,www.tiffany.com
HMSY,www.hms.com
WINA,www.winmarkcorporation.com
ARWR,www.arrowheadresearch.com
MNOV,www.medicinova.com
TRGT,www.targacept.com
CUNB,www.cunb.com
KODK,www.kodak.com
MLNK,www.moduslink.com
HEES,www.he-equipment.com
MHGC,www.morganshotelgroup.com
ALB,www.albemarle.com
TW,www.towerswatson.com
WLDN,www.willdan.com
IIVI,www.ii-vi.com
TWI,www.titan-intl.com
BASI,www.basinc.com
INGR,www.ingredion.com
DPM,www.dcppartners.com
GGG,www.graco.com
CPE,www.callon.com
SIRI,www.siriusxm.com
ULTI,www.ultimatesoftware.com
DXM,www.dexmedia.com
COBZ,www.cobizfinancial.com
CSGP,www.costar.com
ETR,www.entergy.com
QVCA,www.libertyinteractive.com
EVEP,www.evenergypartners.com
HIL,www.hillintl.com
SGYP,www.synergypharma.com
AAN,www.aarons.com
ELGX,www.endologix.com
FDS,www.factset.com
HVT,www.havertys.com
TCB,www.tcfbank.com
FNHC,www.FedNat.com
AXLL,www.axiall.com
JCAP,www.jernigancapital.com
RVP,www.vanishpoint.com
TMH,www.teamhealth.com
ATU,www.actuant.com
ADM,www.admworld.com
GBR,www.newconceptenergy.com
3ENUM,www.enumeral.com
GWB,ir.greatwesternbank.com
VBTX,www.veritexbank.com
KTOS,www.kratosdefense.com
XOXO,www.xogroupinc.com
SYBT,www.syb.com
DF,www.deanfoods.com
NR,www.newpark.com
HRTG,www.heritagepci.com
WLKP,www.wlkpartners.com
DEL,www.deltic.com
SNHY,www.sunhydraulics.com
CALM,www.calmainefoods.com
VCEL,www.aastrom.com
EEFT,www.euronetworldwide.com
GFN,www.generalfinance.com
FANG,www.diamondbackenergy.com
FET,www.f-e-t.com
MOD,www.modine.com
CACQ,www.caesarsacquisitioncompany.com
HDNG,www.hardinge.com
LNCE,www.snyderslance.com
MTSC,www.mts.com
ZAGG,www.zagg.com
VRML,www.vermillion.com
LNKD,www.linkedin.com
CREE,www.cree.com
PEB,www.pebblebrookhotels.com
PLOW,www.douglasdynamics.com
UDF,www.udfiv.com
HFWA,www.heritagebankwa.com
TSBK,www.timberlandbank.com
PSA,www.publicstorage.com
RCL,www.royalcaribbean.com
HTA,www.htareit.com
WAIR,www.wescoair.com
AMPE,www.ampiopharma.com
KRG,www.kiterealty.com
OSBC,www.oldsecond.com
PWOD,www.jssb.com
FLXN,www.flexiontherapeutics.com
ACTA,www.actua.com
USTR,www.unitedstationers.com
BRKS,www.brooks.com
HUSA,www.houstonamericanenergy.com
PBF,www.pbfenergy.com
SCM,www.stelluscapital.com
NTK,www.nortekinc.com
KOSS,www.koss.com
KR,www.kroger.com
BDGE,www.bridgenb.com
EMES,www.emergelp.com
Q,www.quintiles.com
PGEM,www.plygem.com
FRBK,www.myrepublicbank.com
IMH,www.impaccompanies.com
RGC,www.regmovies.com
OSTK,www.overstock.com
WTFC,www.wintrust.com
REE,www.rareelementresources.com
CBS,www.cbscorporation.com
VGR,www.vectorgroupltd.com
MMS,www.maximus.com
RVM,www.revettmining.com
ABR,www.arborrealtytrust.com
SARA,www.saratogaresources.com
ENS,www.enersysinc.com
DLR,www.digitalrealtytrust.com
CVCO,www.cavco.com
NHLD,www.nhldcorp.com
PDCO,www.pattersoncompanies.com
BBOX,www.blackbox.com
INVE,www.identiv.com
CHH,www.choicehotels.com
NP,www.neenah.com
CTG,www.ctg.com
USM,www.uscellular.com
XNPT,www.xenoport.com
3CWBB,www.cwbbank.com
CHCO,www.cityholding.com
TAL,www.talinternational.com
DCI,www.donaldson.com
DMLP,www.dmlp.net
FLR,www.fluor.com
GK,www.gkservices.com
RLH,www.redlion.com
DLX,www.deluxe.com
DBD,www.diebold.com
GNTX,www.gentex.com
GTN,www.gray.tv
GNVC,www.genvec.com
SD,www.sandridgeenergy.com
MLP,www.mauiland.com
MDR,www.mcdermott.com
MLAB,www.mesalabs.com
ACNB,www.acnb.com
VRTA,www.vestinrealtymortgage1.com
TJX,www.tjx.com
HABT,www.habitburger.com
SSNC,www.ssctech.com
BAS,www.basicenergyservices.com
HSC,www.harsco.com
HD,www.homedepot.com
GUID,www.guidancesoftware.com
NGLS,www.targaresources.com
MKL,www.markelcorp.com
CPN,www.calpine.com
BALT,www.baltictrading.com
WRI,www.weingarten.com
WDC,www.westerndigital.com
FCSC,www.fibrocellscience.com
AST,www.biotimeinc.com
CFRX,www.contrafect.com
VYFC,www.myvalleybank.com
IPCM,www.hospitalist.com
ONCE,www.sparktx.com
MXPT,www.maxpoint.com
SLTC,www.selectica.com
NJR,www.njresources.com
NRT,www.neort.com
WHZ,www.whiting.com/whiting-usa-trust-ii
MPO,www.midstatespetroleum.com
PSX,www.phillips66.com
LQ,www.lq.com
NGHC,www.nationalgeneral.com
SC,www.santanderconsumerusa.com
FEYE,www.fireeye.com
BEAT,www.biotelinc.com
SWI,www.solarwinds.com
NX,www.quanex.com
TTC,www.thetorocompany.com
BSTC,www.biospecifics.com
EEP,www.enbridgepartners.com
SAGE,www.sagerx.com
SVT,www.servotronics.com
UPIP,www.unwiredplanet.com
STMP,www.stamps.com
ANTH,www.anthera.com
EFC,www.ellingtonfinancial.com
KALU,www.kaiseraluminum.com
TAYD,www.taylordevices.com
EXA,www.exa.com
AMAG,www.amagpharma.com
PMCS,www.pmc-sierra.com
KEYW,www.keywcorp.com
BRS,www.bristowgroup.com
TCS,www.containerstore.com
OCIP,www.ocipartnerslp.com
XNCR,www.xencor.com
MEP,www.midcoastpartners.com
RSPP,www.rsppermian.com
LRE,www.lrrenergy.com
IROQ,NULL
SMED,www.sharpsinc.com
WD,www.walkerdunlop.com
IFT,www.imperial.com
SXT,www.sensient-tech.com
CTRX,www.catamaranrx.com
CBZ,www.cbiz.com
FBIO,www.coronadobiosciences.com
BREW,www.craftbrew.com
DVA,www.davita.com
SHLD,www.searsholdings.com
CLFD,www.clearfieldconnection.com
SYX,www.systemax.com
FPO,www.first-potomac.com
ASGN,www.onassignment.com
UCBI,www.ucbi.com
BOH,www.boh.com
BSET,www.bassettfurniture.com
OZRK,www.bankozarks.com
UMPQ,www.umpquabank.com
BFAM,www.brighthorizons.com
HTGC,www.htgc.com
CI,www.cigna.com
CPB,www.campbellsoupcompany.com
ARCW,www.arcgroupworldwide.net
BXC,www.bluelinxco.com
ARC,www.e-arc.com
PBH,www.prestigebrandsinc.com
CART,www.carolinatrust.com
BOFI,www.bofiholding.com
APH,www.amphenol.com
FLL,www.fullhouseresorts.com
3GSKNF,www.gencoshipping.com
RRD,www.rrdonnelley.com
UEC,www.uraniumenergy.com
MTH,www.meritagehomes.com
WRB,www.wrberkley.com
PLD,www.prologis.com
CMI,www.cummins.com
DXR,www.daxor.com
SAMG,www.silvercrestgroup.com
KS,www.kapstonepaper.com
SYUT,www.synutra.com
FBIZ,www.firstbusiness.com
WNR,www.wnr.com
METR,www.mymetrobank.com
MSTR,www.microstrategy.com
NSLP,www.newsource.com
LJPC,www.lajollapharmaceutical.com
FALC,www.falconstor.com
AAL,www.aa.com
VGGL,www.viggle.com
BOOT,www.bootbarn.com
CNXR,www.connecture.com
JYNT,www.thejoint.com
DCOM,www.dimewill.com
OCFC,www.oceanfirst.com
FSC,www.fifthstreetfinance.com
JBT,www.jbtcorporation.com
HTZ,www.hertz.com
LNCO,www.linnco.com
CFBK,www.CFBankonline.com
REED,www.reedsinc.com
BF.B,www.brown-forman.com
WG,www.willbros.com
SNBC,www.sunnb.com
TAT,www.transatlanticpetroleum.com
AMSWA,www.amsoftware.com
WDFC,www.wd40company.com
LOCO,www.elpolloloco.com
ICD,www.icdrilling.com
VA,www.virginamerica.com
JAGX,jaguaranimalhealth.com
CALA,www.calithera.com
USAT,www.usatech.com
UNTY,www.unitybank.com
A,www.home.agilent.com
PFSW,www.pfsweb.com
EAT,www.brinker.com
FNWB,www.ourfirstfed.com
JOEZ,www.joesjeans.com
CIM,www.chimerareit.com
ZEN,www.zendesk.com
VNOM,www.viperenergy.com
SLGN,www.silganholdings.com
AKAO,www.achaogen.com
ALDR,www.alderbio.com
ICON,www.iconixbrand.com
NWHM,www.nwhm.com
ORM,www.owensmortgage.com
DSS,www.dsssecure.com
FOXF,www.ridefox.com
LBIO,www.genesis-biopharma.com
MLVF,www.malvernfederal.com
SLCT,www.selectbank.com
SGNT,www.sagentpharma.com
PBY,www.pepboys.com
RYL,www.ryland.com
SBR,www.sbr-sabineroyalty.com
SO,www.southernco.com
HSTM,www.healthstream.com
CRWN,www.hallmarkchannel.com
MPC,www.marathonpetroleum.com
TCCO,www.tccsecure.com
CHUY,www.chuys.com
HOG,www.harley-davidson.com
KNX,www.knighttransportation.com
BG,www.bunge.com
RTN,www.raytheon.com
RELL,www.rell.com
TAHO,www.tahoeresourcesinc.com
SMLR,www.semlerscientific.com
SNOW,www.intrawest.com
CIZN,www.citizensholdingcompany.com
WPX,www.wpxenergy.com
AMCX,www.amcnetworks.com
SSNI,www.silverspringnet.com
BWC,www.babcock.com
CIVI,www.civitas-solutions.com
UNAM,NULL
INTL,www.intlfcstone.com
LODE,www.comstockmining.com
CYTX,www.cytori.com
TMUS,www.t-mobile.com
NSTG,www.nanostring.com
TRMR,www.tremorvideo.com
PTSI,www.pamt.com
CAM,www.c-a-m.com
DDE,www.doverdowns.com
IIIN,www.insteel.com
NUS,www.nuskinenterprises.com
AVHI,www.avhomesinc.com
BWINB,www.baldwinandlyons.com
QUIK,www.quicklogic.com
SYNT,www.syntelinc.com
CSL,www.carlisle.com
EQR,www.eqr.com
IFF,www.iff.com
EA,www.ea.com
THS,www.treehousefoods.com
IRBT,www.irobot.com
ASNA,www.ascenaretail.com
SEV,www.sevcon.com
MWA,www.muellerwaterproducts.com
HBMD,www.howardbank.com
LMNR,www.limoneira.com
BNCN,www.bankofnc.com
EBS,www.emergentbiosolutions.com
CHMT,www.chemtura.com
BBSI,www.barrettbusiness.com
PSEM,www.pericom.com
3SVON,www.senesco.com
GRA,www.grace.com
WVVI,www.wvv.com
IPCC,www.ipacc.com
SMMF,www.summitfgi.com
TTGT,www.techtarget.com
SHOR,www.shoretel.com
HLTH,www.northstar-healthcare.com
PGC,www.pgbank.com
ETAK,www.elephanttalk.com
NSH,www.nustargpholdings.com
WMB,co.williams.com
BBT,www.bbt.com
CFG,www.citizensbank.com
EVC,www.entravision.com
CRIS,www.curis.com
BRO,www.bbinsurance.com
MCRL,www.micrel.com
TFSL,www.thirdfederal.com
CLGX,www.corelogic.com
ICAD,www.icadmed.com
WYY,www.widepoint.com
TGC,www.tengasco.com
PGI,www.pgi.com
CBB,www.cincinnatibell.com
CBSH,www.commercebank.com
MOC,www.commandsecurity.com
AGEN,www.agenusbio.com
CTCT,www.constantcontact.com
KMX,www.carmax.com
MOG.A,www.moog.com
ANIP,www.anipharmaceuticals.com
FCF,www.fcbanking.com
OCRX,www.ocerainc.com
3ENCR,www.ener-core.com
VMEM,www.violin-memory.com
V,www.corporate.visa.com
AGNC,www.agnc.com
MTW,www.manitowoc.com
WASH,www.washtrust.com
TSLX,www.tpgspecialtylending.com
SMG,www.scotts.com
PSTR,www.pstr.com
WFM,www.wholefoodsmarket.com
SUPN,www.supernus.com
SKUL,www.skullcandy.com
PNY,www.piedmontng.com
PCYO,www.purecyclewater.com
LTRPA,www.libertytripadvisorholdings.com
EVBS,www.evb.org
LCNB,www.lcnb.com
CECO,www.careered.com
ADMP,www.adamispharmaceuticals.com
WTT,www.wirelesstelecomgroup.com
RIGL,www.rigel.com
CCMP,www.cabotcmp.com
KKD,www.krispykreme.com
SEB,www.seaboardcorp.com
PVTB,www.theprivatebank.com
CHSP,www.chesapeakelodgingtrust.com
SUP,www.supind.com
RELV,www.reliv.com
MCHP,www.microchip.com
ASBB,www.ashevillesavingsbank.com
3STAF,www.staffing360solutions.com
CARV,www.carverbank.com
SRE,www.sempra.com
REPH,www.recropharma.com
DENN,www.dennys.com
FTAI,NULL
EMC,www.emc.com
FXCM,www.fxcm.com
THG,www.hanover.com
RALY,www.rallydev.com
ECOM,www.channeladvisor.com
HCAP,www.harvestcapitalcredit.com
CHMI,www.chmireit.com
FFIC,www.flushingbank.com
IVAC,www.intevac.com
SBGI,www.sbgi.net
AMRB,www.americanriverbank.com
TDG,www.transdigm.com
FMC,www.fmc.com
FARM,www.farmerbroscousa.com
TTS,www.tileshop.com
JOUT,www.johnsonoutdoors.com
OGEN,www.oragenics.com
CHEV,www.cheviotsavings.com
BCR,www.crbard.com
POWR,www.powersecure.com
LFVN,www.lifevantage.com
CASS,www.cassinfo.com
BBBY,www.bedbathandbeyond.com
HMNY,www.hmny.com
CUO,www.continental-materials.com
MXIM,www.maxim-ic.com
BID,www.sothebys.com
OXGN,www.oxigene.com
PEIX,www.pacificethanol.net
SFBS,www.servisfirstbank.com
AROW,www.arrowfinancial.com
CPF,www.centralpacificbank.com
RVSB,www.riverviewbank.com
LINE,www.linnenergy.com
DISCA,corporate.discovery.com
MCZ,www.madcatz.com
SLTD,www.solar3d.com
LQDT,www.liquidityservicesinc.com
LGCY,www.legacylp.com
MPAA,www.motorcarparts.com
AKS,www.aksteel.com
AEO,www.ae.com
PFBC,www.preferredbank.com
INFI,www.infi.com
DST,www.dstsystems.com
CWST,www.casella.com
3CSBB,www.csb1.com
JOB,www.generalemployment.com
MCBK,www.madisoncountybank.com
HCKT,www.thehackettgroup.com
GLUU,www.glu.com
CNK,www.cinemark.com
JMP,www.jmpg.com
DFS,www.discoverfinancial.com
CCUR,www.ccur.com
MBVT,www.mbvt.com
INFU,www.infusystem.com
XRX,www.xerox.com
ASB,www.associatedbank.com
PRTO,www.proteontherapeutics.com
ANN,www.anninc.com
SIEN,www.sientra.com
JUNO,www.junotherapeutics.com
CRL,www.criver.com
DLA,www.deltaapparelinc.com
MJN,www.meadjohnson.com
HL,www.hecla-mining.com
HRC,www.hill-rom.com
HOV,www.khov.com
USAP,www.univstainless.com
SCSS,www.selectcomfort.com
BGG,www.briggsandstratton.com
NRIM,www.northrim.com
DVD,www.dovermotorsports.com
WLB,www.westmoreland.com
ZAYO,www.zayo.com
DERM,www.dermira.com
GKNT,www.geek.net
OESX,www.oriones.com
CKP,www.checkpointsystems.com
CCF,www.chasecorp.com
SHAK,www.shakeshack.com
FLKS,www.flex-pharma.com
TIK,www.telinstrument.com
DFT,www.dft.com
NI,www.nisource.com
RTIX,www.rtisurgical.com
LLEX,www.lilisenergy.com
3SCIO,www.sciodiamond.com
NFG,www.nationalfuelgas.com
BRX,www.brixmor.com
IRT,www.irtreit.com/index.php
CPXX,www.celatorpharma.com
CBFV,www.communitybank.tv
MC,www.moelis.com
ALSN,www.allisontransmission.com
JCP,www.jcpenney.com
FNFV,www.investor.fnf.com
SRDX,www.surmodics.com
RSE,www.rouseproperties.com
IDSY,www.id-systems.com
HOFT,www.hookerfurniture.com
SJI,www.sjindustries.com
FRGI,www.frgi.com
SN,www.sanchezenergycorp.com
LMOS,www.lumosnetworks.com
COF,www.capitalone.com
RCMT,www.rcmt.com
IHT,www.innsuitestrust.com
ISIS,www.isispharm.com
CHKE,www.thecherokeegroup.com
CWAY,www.coastway.com
NDRO,www.enduroroyaltytrust.com
IMPV,www.imperva.com
TWIN,www.twindisc.com
UNT,www.unitcorp.com
USEG,www.usnrg.com
VFC,www.vfc.com
CNC,www.centene.com
ARPI,www.amresprop.com
ECYT,www.endocyte.com
OFS,www.ofscapital.com
ENTA,www.enanta.com
TXTR,www.texturacorp.com
ESBK,www.elmirasavingsbank.com
NTAP,www.netapp.com
MWE,www.markwest.com
ENZN,www.enzon.com
FCEL,www.fuelcellenergy.com
CCL,www.carnivalcorp.com
FUN,www.cedarfair.com
IRET,www.iret.com
OHAI,www.ohainvestmentcorporation.com
FRC,www.firstrepublic.com
LEA,www.lear.com
CF,www.cfindustries.com
EE,www.epelectric.com
CGI,www.celadontrucking.com
CBR,www.ciber.com
DWSN,www.dawson3d.com
ODP,www.officedepot.com
ANIK,www.anikatherapeutics.com
THRM,www.gentherm.com
FLIR,www.flir.com
MBWM,www.mercbank.com
PGNX,www.progenics.com
CCO,www.clearchanneloutdoor.com
URG,www.ur-energy.com
WAVX,www.wavesys.com
MTSN,www.mattson.com
EVOL,www.evolving.com
MENT,www.mentor.com
SIEB,www.siebertnet.com
MSCC,www.microsemi.com
SIRO,www.sirona.com
ALEX,www.alexanderbaldwin.com
CRBP,www.corbuspharma.com
MCF,www.contango.com
AFFX,www.affymetrix.com
ACPW,www.activepower.com
VRSK,www.verisk.com
VSR,www.versar.com
IOT,www.incomeopp-realty.com
LIFE,www.atyrpharma.com
EDGW,www.edgewater.com
GCAP,www.gaincapital.com
WMK,www.weismarkets.com
AAON,www.aaon.com
FOR,www.forestargroup.com
COKE,www.cokeconsolidated.com
KO,www.cocacola.com
COHR,www.coherent.com
CMA,www.comerica.com
SUM,www.summit-materials.com
OCC,www.occfiber.com
PFBI,NULL
VSI,www.vitaminshoppe.com
LPLA,www.lpl.com
ULTA,www.ulta.com
LL,www.lumberliquidators.com
NOC,www.northropgrumman.com
MOBL,www.mobileiron.com
ECR,www.eclipseresources.com
TRUE,www.truecar.com
IGTE,www.igate.com
UBFO,www.unitedsecuritybank.com
TCPC,www.tcpcapital.com
UBSH,www.ubsh.com
ADMS,www.adamaspharma.com
VTG,www.vantagedrilling.com
AMC,www.amctheatres.com
NCR,www.ncr.com
NATH,www.nathansfamous.com
THFF,www.first-online.com
FLIC,www.fnbli.com
SFXE,www.sfxii.com
MUSA,www.murphyusa.com
CHGG,www.chegg.com
FATE,www.fatetherapeutics.com
RNG,www.ringcentral.com
HCI,www.hcigroup.com
DGI,www.digitalglobe.com
TMO,www.thermofisher.com
ABAX,www.abaxis.com
ACFN,www.acornenergy.com
DRRX,www.durect.com
CEMI,www.chembio.com
TPC,www.tutorperini.com
GPRO,www.gopro.com
ADPT,www.adhc.com
PFNX,www.pfenex.com
SHLX,www.shellmidstreampartners.com
DPLO,diplomat.is
BBCN,www.narabank.com
GOV,www.govreit.com
WAC,www.walterinvestment.com
SJW,www.sjwcorp.com/
CHK,www.chk.com
ARR,www.armourreit.com
RLOC,www.reachlocal.com
SPA,www.sparton.com
AEY,www.addvantagetech.com
LMNX,www.luminexcorp.com
SXC,www.suncoke.com
JBL,www.jabil.com
CSFL,www.centerstatebank.com
XYL,www.xyleminc.com
ADS,www.alliancedata.com
WTW,www.weightwatchersinternational.com
ROK,www.rockwellautomation.com
DORM,www.dormanproducts.com
PSB,www.psbusinessparks.com
GNMK,www.genmarkdx.com
VPG,www.vishaypg.com
OCR,www.omnicare.com
OC,www.owenscorning.com
PATK,www.patrickind.com
INAP,www.internap.com
MTEX,www.mannatech.com
UGI,www.ugicorp.com
HLIT,www.harmonicinc.com
WGP,www.westerngas.com
KFRC,www.kforce.com
ERIE,www.erieinsurance.com
NPO,www.enproindustries.com
CME,www.cmegroup.com
WHG,www.westwoodgroup.com
PFS,www.providentnj.com
LYTS,www.lsi-industries.com
HDS,ir.hdsupply.com
CHMG,www.chemungcanal.com
HLS,www.healthsouth.com
DSCO,www.discoverylabs.com
SHO,www.sunstonehotels.com
ATSG,www.atsginc.com
CIDM,www.cinedigm.com
EFX,www.equifax.com
DYN,www.dynegy.com
BELFB,www.belfuse.com
JACK,www.jackinthebox.com
CYTR,www.cytrx.com
SNPS,www.synopsys.com
JVA,www.coffeeholding.com
SBNY,www.signatureny.com
UVE,www.universalinsuranceholdings.com
SRI,www.stoneridge.com
MOS,www.mosaicco.com
FTD,www.ftdcompanies.com
FDEF,www.fdef.com
BSRR,www.sierrabancorp.com
NAV,www.navistar.com
AAME,www.atlam.com
DGICA,www.donegalgroup.com
CBU,www.communitybankna.com
URBN,www.urbanoutfittersinc.com
FSGI,www.fsgbank.com
ACCO,www.accobrands.com
ROLL,www.rbcbearings.com
CLUB,www.mysportsclubs.com
DOV,www.dovercorporation.com
DYNT,www.dynatronics.com
FULT,www.fult.com
BEN,www.franklinresources.com
GMT,www.gatx.com
TSCO,www.tractorsupply.com
ATHX,www.athersys.com
GEOS,www.geospace.com
ZIOP,www.ziopharm.com
CVRR,www.cvrrefining.com
IOSP,www.innospecinc.com
PFBX,www.thepeoples.com
BX,www.blackstone.com
AETI,www.aeti.com
APD,www.airproducts.com
ALCO,www.alicoinc.com
UHAL,www.amerco.com
VLY,www.valleynationalbank.com
WK,www.workiva.com
BERY,www.berryplastics.com
TECH,www.techne-corp.com
BRK.B,www.berkshirehathaway.com
CVA,www.covantaenergy.com
GES,www.guess.com
WTBA,www.westbankiowa.com
ASH,www.ashland.com
VTAE,www.vitaepharma.com
3IVDA,www.iveda.com
MDAS,www.medassets.com
CHE,www.chemed.com
CB,www.chubb.com
CL,www.colgatepalmolive.com
RLI,www.rlicorp.com
AVGR,www.avinger.com
EXPO,www.exponent.com
BSF,www.ffbh.com
HVB,www.hudsonvalleybank.com
PZN,www.pzena.com
NUE,www.nucor.com
WPG,www.washingtonprime.com
GLRI,www.glorienergy.com
JPEP,www.jpenergypartners.com
EPIQ,www.epiqsystems.com
ROVI,www.rovicorp.com
POST,www.postholdings.com
FB,www.facebook.com
ZAZA,www.zazaenergy.com
MYE,www.myersindustries.com
AGIO,www.agios.com
BIND,bindtherapeutics.com
OPHT,www.ophthotech.com
VEEV,www.veeva.com
CPTA,www.capitalagroup.com
NCLH,www.ncl.com
LM,www.leggmason.com
LGL,www.lglgroup.com
RESN,www.resonant.com
VSAR,www.versartis.com
HIVE,www.aerohive.com
CSWC,www.capitalsouthwest.com
SCYX,www.scynexis.com
PDLI,www.pdl.com
SJT,www.sjbrt.com
CYBX,www.cyberonics.com
SEMG,www.semgroupcorp.com
KWR,www.quakerchem.com
MORE,www.monogramres.com
SKY,www.skylinecorp.com
HWAY,www.healthways.com
MET,www.metlife.com
PCO,www.pendrell.com
CLRB,www.cellectar.com
SFY,www.swiftenergy.com
TRC,www.tejonranch.com
UBCP,www.unitedbancorp.com
FOSL,www.fossil.com
TNET,www.trinet.com
AFOP,www.afop.com
CSCD,www.cascademicrotech.com
REGI,www.regi.com
FBHS,www.fbhs.com
IO,www.iongeo.com
RTK,www.rentechinc.com
DSW,www.dsw.com
CBOE,www.cboe.com
ELMD,www.electromed.com
WERN,www.werner.com
AMWD,www.americanwoodmark.com
AHS,www.amnhealthcare.com
OGE,www.oge.com
PLL,www.pall.com
RXDX,www.ignyta.com
RARE,www.ultragenyx.com
AMRK,www.amark.com
RVNC,www.revance.com
RAND,www.randcapital.com
PSIX,www.psiengines.com
RBCAA,www.republicbank.com
3CTEI,www.cemtrex.com
TRGP,www.targaresources.com
AAT,www.americanassetstrust.com
HRZN,www.horizontechnologyfinancecorp.com
SGMS,www.scientificgames.com
RCII,www.rentacenter.com
TRK,www.speedwaymotorsports.com
ACW,www.accuridecorp.com
BCBP,www.bcbbancorp.com
CLVS,www.clovisoncology.com
3DEAC,www.edscompanies.com
NRP,www.nrplp.com
BLKB,www.blackbaud.com
JEC,www.jacobs.com
FRM,www.furmanite.com
BYLK,www.baylake.com
FNBC,www.firstnbcbank.com
JONE,NULL
HALO,www.halozyme.com
CVC,www.cablevision.com
CVM,www.cel-sci.com
FEIC,www.fei.com
WAB,www.wabtec.com
MARA,www.marathonpg.com
ENZ,www.enzo.com
FDX,www.fedex.com
RGLS,www.regulusrx.com
LTC,www.ltcproperties.com
EMKR,www.emcore.com
XPLR,www.xploretech.com
HTH,www.hilltop-holdings.com
STON,www.stonemor.com
CSBK,www.cliftonsavings.com
CALD,www.calliduscloud.com
EEI,www.ene.com
NRF,www.nrfc.com
NNVC,www.nanoviricides.com
CNA,www.cna.com
GTLS,www.chartindustries.com
HILL,www.dothill.com
PLCE,www.childrensplace.com
CHRW,www.chrobinson.com
KRNY,www.kearnyfederalsavings.com
VVC,www.vectren.com
CBL,www.cblproperties.com
PTEN,www.patenergy.com
PRKR,www.parkervision.com
LNG,www.cheniere.com
KRA,www.kraton.com
ZEUS,www.olysteel.com
SOFO,www.sonicfoundry.com
LHO,www.lasallehotels.com
ALL,www.allstate.com
PZZA,www.papajohns.com
AMCC,www.apm.com
GD,www.generaldynamics.com
MATW,www.matw.com
3CATC,www.cambridgetrust.com
FRBA,www.firstbanknj.com
NOR,www.norandaaluminum.com
ALGT,www.allegiantair.com
NECB,www.necommunitybank.com
WGO,www.winnebagoind.com
OSK,www.oshkoshcorporation.com
CHRS,www.coherus.com
FGEN,www.fibrogen.com
LRAD,www.lradx.com
TBIO,www.transgenomic.com
ILMN,www.illumina.com
STRI,www.strholdings.com
HAS,www.hasbro.com
HP,www.hpinc.com
HFC,www.hollyfrontier.com
ORIT,www.oritani.com
AVAV,www.avinc.com
ARUN,www.arubanetworks.com
MTRN,www.materion.com
ETH,www.ethanallen.com
OIS,www.oilstatesintl.com
SYNA,www.synaptics.com
TXMD,www.therapeuticsmd.com
ECOL,www.americanecology.com
WSCI,www.wsiindustries.com
GNBC,www.greenbank.com
GRH,www.greenhunterenergy.com
CPK,www.chpk.com
OMED,www.oncomed.com
PARR,www.par-petro.com
LCI,www.lannett.com
CBYL,www.carbylan.com
SPH,www.suburbanpropane.com
EPM,www.evolutionpetroleum.com
NC,www.nacco.com
NYRT,www.nyrt.com
AMTD,www.amtd.com
PBYI,www.pumabiotechnology.com
NHC,www.nhccare.com
FISH,NULL
FUEL,www.rocketfuel.com
MGNX,www.macrogenics.com
FII,www.federatedinvestors.com
SIX,www.sixflags.com
TKR,www.timken.com
TRNS,www.transcat.com
TINY,www.hhvc.com
CTP,www.ctnet.com
SAAS,www.incontact.com
WMC,www.westernassetmcc.com
SCHL,www.scholastic.com
SIF,www.sifco.com
SLRC,www.solarcapltd.com
SNA,www1.snapon.com
SWK,www.stanleyblackanddecker.com
STT,www.statestreet.com
STC,www.stewart.com
GSVC,www.gsvcap.com
SYNL,www.synalloy.com
SCVL,www.shoecarnival.com
POZN,www.pozen.com
MIFI,www.novatelwireless.com
NS,www.nustarenergy.com
MTSI,www.macom.com
RNF,www.rentechnitrogen.com
ANGI,www.angieslist.com
RES,www.rpc.net
MPLX,www.mplx.com
AZPN,www.aspentech.com
GSM,www.glbsm.com
PKY,www.pky.com
PAYX,www.paychex.com
STAY,www.extendedstayamerica.com
CAPR,www.capricor.com
ITCI,www.intracellulartherapies.com
STBA,www.stbancorp.com
FDUS,www.fdus.com
USG,www.usg.com
UMH,www.umh.com
PFG,www.principal.com
MSFT,www.microsoft.com
GNC,www.gnc.com
PCL,www.plumcreek.com
NDAQ,www.nasdaqomx.com
UCP,www.unioncommunityllc.com
HW,www.hdwtrs.com
NFLX,www.netflix.com
TA,www.tatravelcenters.com
TROV,www.trovagene.com
CONN,www.conns.com
FDML,www.federalmogul.com
FOE,www.ferro.com
INTX,www.intersections.com
THLD,www.thresholdpharm.com
ELY,www.callawaygolf.com
CBK,www.christopherandbanks.com
JLL,www.jll.com
CYCC,www.cyclacel.com
ACC,www.americancampus.com
GPOR,www.gulfportenergy.com
MIC,www.macquarie.com/mic
OSHC,www.ochome.com
CAG,www.conagrafoods.com
ICPT,www.interceptpharma.com
FTEK,www.ftek.com
LEI,www.lucasenergy.com
HBAN,www.huntington.com
ZIXI,www.zixcorp.com
LXP,www.lxp.com
ITRI,www.itron.com
FWRD,www.forwardair.com
SQBK,www.square1financial.com
RUTH,www.rhgi.com
ISBC,www.myinvestorsbank.com
SPR,www.spiritaero.com
D,www.dom.com
SCHW,www.aboutschwab.com
LYV,www.livenationentertainment.com
DK,www.delekus.com
SNCR,www.synchronoss.com
SQBG,www.sequentialbrands.com
FUR,www.winthropreit.com
DVN,www.devonenergy.com
CTHR,www.charlesandcolvard.com
FNF,www.fnf.com
SRCE,www.1stsource.com
ARIA,www.ariad.com
ABCD,www.cambiumlearning.com
MXC,www.mexcoenergy.com
HIFS,www.hinghamsavings.com
PEBO,www.peoplesbancorp.com
RLGY,www.realogy.com
BBEP,www.breitburn.com
EVR,www.evercore.com
XLNX,www.xilinx.com
EXAC,www.exac.com
BKYF,www.bankofkyhb.com
SBSI,www.southside.com
PROV,www.myprovident.com
FFG,www.fblfinancial.com
TSYS,www.telecomsys.com
HBCP,www.home24bank.com
PNK,www.pnkinc.com
SWC,www.stillwatermining.com
CLNE,www.cleanenergyfuels.com
BIO,www.bio-rad.com
RHI,www.rhi.com
BRC,www.bradycorp.com
EGAS,www.ewst.com
GERN,www.geron.com
RSTI,www.rofin.com
ERS,www.empireresources.com
MPX,www.marineproductscorp.com
GNRC,www.generac.com
VII,www.vicon-security.com
NEO,www.neogenomics.org
GST,www.gastar.com
CYN,www.cnb.com
AVNU,www.avenuenashville.com
STRM,www.streamlinehealth.net
SQNM,www.sequenom.com
ADGE,www.americandg.com
ES,www.eversource.com
NTRS,www.northerntrust.com
NEWT,www.thesba.com
PFPT,www.proofpoint.com
USAC,www.usacompression.com
FSFR,fsfr.fifthstreetfinance.com
IPWR,www.idealpower.com
LGIH,www.lgihomes.com
EPE,www.epenergy.com
INO,www.inovio.com
BRCM,www.broadcom.com
WES,www.westerngas.com
POPE,www.poperesources.com
SERV,www.servicemaster.com
THO,www.thorindustries.com
TDW,www.tdw.com
ARCI,www.arcainc.com
HMN,www.horacemann.com
UTHR,www.unither.com
LII,www.lennoxinternational.com
IDI,www.tigermedia.com
PCP,www.precast.com
OCLR,www.oclaro.com
ELLI,www.elliemae.com
SVU,www.supervalu.com
JAH,www.jarden.com
LTBR,www.ltbridge.com
LPI,www.laredopetro.com
ABTL,www.autobytel.com
LOAN,www.manhattanbridgecapital.com
EXXI,www.energyxxi.com
NBTB,www.nbtbancorp.com
BRG,www.bluerockresidential.com
CQH,www.chenierepartnersholdings.com
GNCA,www.genocea.com
LIOX,www.lionbridge.com
BLK,www.blackrock.com
CIR,www.circor.com
TSN,www.tyson.com
UNP,www.up.com
MBFI,www.mbfinancial.com
CHFN,www.charterbk.com
APC,www.anadarko.com
TUES,www.tuesdaymorning.com
ASMB,www.assemblybio.com
NMFC,www.newmountainfinance.com
3ENZB,www.enzymebiosystems.com
BKU,www.bankunited.com
CGNX,www.cognex.com
TZOO,www.travelzoo.com
DKS,www.dickssportinggoods.com
OPTT,www.oceanpowertechnologies.com
NILE,www.bluenile.com
XCRA,www.xcerra.com
NUAN,www.nuance.com
HIG,www.thehartford.com
DTSI,www.dts.com
POR,www.portlandgeneral.com
STRZA,www.starz.com
RRGB,www.redrobin.com
ESL,www.esterline.com
ESMC,www.escalonmed.com
FBC,www.flagstar.com
BXP,www.bostonproperties.com
IMS,www.imshealth.com
NTGR,www.netgear.com
NNI,www.nelnet.net
FMD,www.firstmarblehead.com
BRT,www.brtrealty.com
BRN,www.brninc.com
NCS,www.ncilp.com
CXW,www.cca.com
GOOGL,www.google.com
IKAN,www.ikanos.com
CLMS,www.calamos.com
STLY,www.stanleyfurniture.com
SPB,www.spectrumbrands.com
NRCIA,www.nationalresearch.com
RAVE,www.pizzainn.com
CRRC,www.courier.com
CR,www.craneco.com
INOD,www.innodata.com
JBHT,www.jbhunt.com
NBN,www.northeastbank.com
BMTC,www.bmtc.com
CNBKA,www.century-bank.com
NCIT,www.nciinc.com
EMR,www.emerson.com
CYT,www.cytec.com
USB,www.usbank.com
AJG,www.ajg.com
LNN,www.lindsay.com
SGMA,www.sigmatronintl.com
SCSC,www.scansource.com
IFMI,www.ifmi.com
CUB,www.cubic.com
DE,www.deere.com
WM,www.wm.com
SSP,www.scripps.com
DRQ,www.dril-quip.com
AMSG,www.amsurg.com
URI,www.unitedrentals.com
AGM,www.farmermac.com
WLT,www.walterenergy.com
HNR,www.harvestnr.com
TESS,www.tessco.com
RH,www.restorationhardware.com
MLHR,www.hermanmiller.com
XOOM,www.xoom.com
RBPAA,www.royalbankamerica.com
PULB,www.pulaskibankstl.com
ABM,www.abm.com
WWD,www.woodward.com
HRT,www.arthrt.com
DAEG,www.daegis.com
SNI,www.scrippsnetworks.com
OGXI,www.oncogenex.com
HWKN,www.hawkinsinc.com
HCSG,www.hcsgcorp.com
SPLS,www.staples.com
APOL,www.apollo.edu
FIG,www.fortress.com
SHOS,www.searsoutlet.com
NCOM,www.nationalbankofcommerce.com
KMPH,www.kempharm.com
ADI,www.analog.com
ARW,www.arrow.com
COVR,www.cover-all.com
WGA,www.agegaming.com
C,www.citigroup.com
TUP,www.tupperwarebrands.com
ARES,www.aresmgmt.com
LAD,www.lithia.com
FSBK,www.firstsouthnc.com
NTI,www.ntenergy.com
LUK,www.leucadia.com
UVSP,www.univest.net
QTWO,q2ebanking.com
NSSC,www.napcosecurity.com
COVS,www.covisint.com
DARA,www.darabiosciences.com
HCCI,www.crystal-clean.com
HI,www.hillenbrand.com
VOC,NULL
RPXC,www.rpxcorp.com
RLJ,www.rljlodgingtrust.com
PEP,www.pepsico.com
MO,www.altria.com
HQY,www.healthequity.com
PCCC,www.pcconnection.com
SMTC,www.semtech.com
BBLU,www.blueearthinc.com
KEY,www.key.com
AWR,www.aswater.com
SPAR,www.spartanmotors.com
MNST,www.monsterbevcorp.com
ON,www.onsemi.com
TENX,www.tenaxthera.com
BANF,www.bancfirst.com
MSL,www.midsouthbank.com
PRLB,www.protolabs.com
GNE,www.genie.com
RJF,www.raymondjames.com
CRVL,www.corvel.com
EWBC,www.eastwestbank.com
OTTR,www.ottertail.com
PNC,www.pnc.com
AFG,www.afginc.com
KPTI,www.karyopharm.com
CTBI,www.ctbi.com
INGN,www.inogen.net
ACSF,www.acsf.com
SABR,www.sabre.com
TIVO,www.tivo.com
TRN,www.trin.net
UTX,www.utc.com
ANAD,www.anadigics.com
DRI,www.darden.com
AYI,www.acuitybrands.com
PDM,www.piedmontreit.com
MANT,www.mantech.com
RMCF,www.rmcf.com
RIBT,www.ricebrantech.com
PF,www.pinnaclefoods.com
INN,www.shpreit.com
HGR,www.hanger.com
CLRX,www.collabrx.com
HOS,www.hornbeckoffshore.com
WCG,www.wellcare.com
ANGO,www.angiodynamics.com
MNTA,www.momentapharma.com
NRZ,www.newresi.com
CSG,www.chambersstreet.com
ASTC,www.astrotechcorp.com
CNO,www.cnoinc.com
PTBI,www.plasmatechbio.com
KIRK,www.kirklands.com
MSN,www.emersonradio.com
EDE,www.empiredistrict.com
CVU,www.cpiaero.com
QRVO,www.qorvo.com
MSTX,www.masttherapeutics.com
BCLI,www.brainstorm-cell.com
MRLN,www.marlinfinance.com
AVP,www.avon.com
TNH,www.snl.com
DHI,www.drhorton.com
AEHR,www.aehr.com
MORN,www.morningstar.com
HERO,www.herculesoffshore.com
CAS,www.amcastle.com
AIQ,www.alliancehealthcareservices-us.com
ACAS,www.americancapital.com
NLY,www.annaly.com
AT,www.atlanticpower.com
DIOD,www.diodes.com
PKI,www.perkinelmer.com
BXS,www.bancorpsouth.com
NTWK,www.netsoltech.com
FCNCA,www.firstcitizens.com
MLM,www.martinmarietta.com
IVZ,www.invesco.com
CRAI,www.crai.com
CWEI,www.claytonwilliams.com
FXEN,www.fxenergy.com
DOVR,www.doversaddlery.com
CORR,corenergy.corridortrust.com/
FNLC,www.thefirstbancorp.com
OREX,www.orexigen.com
BNCL,www.thebeneficial.com
ATNM,www.actiniumpharma.com
ZFC,www.zaisfinancial.com
SNFCA,www.securitynational.com
IMUC,www.imuc.com
AMD,www.amd.com
PRI,www.primerica.com
KEG,www.keyenergy.com
AINC,www.ashfordinc.com
RMP,www.ricemidstream.com
MNGA,www.magnegas.com
UBA,www.ubproperties.com
MIND,www.mitchamindustries.com
ESSA,www.essabank.com
VRNG,www.vringoip.com
FENX,www.fenixparts.com
NOG,www.northernoil.com
SHBI,www.shorebancshares.com
CIVB,www.fcza.com
VSTO,www.vistaoutdoor.com
KVHI,www.kvh.com
YHOO,www.yahoo.com
ROIC,www.roireit.net
NPK,www.gopresto.com
NSC,www.nscorp.com
COG,www.cabotog.com
DPW,www.digipwr.com
NSP,www.insperity.com
MMM,www.3m.com
MNR,www.mreic.com
CTRL,www.control4.com
CARO,www.haveanicebank.com
PAGP,www.plainsallamerican.com
MRGE,www.merge.com
REN,www.resolutenaturalresources.com
PNFP,www.pnfp.com
GB,www.greatbatch.com
AFH,www.atlas-fin.com
L,www.loews.com
EGRX,www.eagleus.com
AGRX,www.agiletherapeutics.com
TMST,www.TimkenSteel.com
DDR,www.ddr.com
SPSC,www.spscommerce.com
PIR,www.pier1.com
SNC,www.statenational.com
SIXD,www.6DGlobal.com
GIG,www.gigoptix.com
STAA,www.staar.com
WOOF,www.vcaantech.com
PACW,www.pacwestbancorp.com
NLNK,www.newlinkgenetics.com
ARMK,www.aramark.com
ALG,www.alamo-group.com
CHKR,www.chkgranitewashtrust.com
ATML,www.atmel.com
REGN,www.regeneron.com
HAE,www.haemonetics.com
STFC,www.StateAuto.com
ROIAK,www.radio-one.com
PCAR,www.paccar.com
UWN,www.nevadagold.com
PKOH,www.pkoh.com
VTL,www.vitaltherapies.com
AHP,www.ahpreit.com
EBIO,www.elevenbio.com
CRDS,www.crossroads.com
UNF,www.unifirst.com
UVV,www.universalcorp.com
ACIW,www.aciworldwide.com
MCGC,www.mcgcapital.com
LO,www.lorillard.com
SYNC,www.synacor.com
KFX,www.kofax.com
NNN,www.nnnreit.com
PRAA,www.portfoliorecovery.com
CCNE,www.bankcnb.com
LIQD,www.liquidholdings.com
MOH,www.molinahealthcare.com
MAG,www.magnetek.com
FISV,www.fiserv.com
GSB,www.globalscape.com
SYRX,www.sysorex.com
SEAC,www.schange.com
WSTC,www.west.com
SPHS,www.sophiris.com
SNX,www.synnex.com
EQT,www.eqt.com
PMD,www.psychemedics.com
CBM,www.cambrex.com
MDW,www.midwaygold.com
REIS,www.reis.com
CMP,www.compassminerals.com
ATRO,www.astronics.com
SMRT,www.steinmart.com
ISLE,www.theislecorp.com
USPH,www.usph.com
SLG,www.slgreen.com
MRTX,www.mirati.com
NVSL,www.nvsl.com
3SNGX,www.soligenix.com
PETS,www.1800petmeds.com
SSTK,www.shutterstock.com
GLW,www.corning.com
PII,www.polaris.com
TLF,www.tandyleatherfactory.com
CORE,www.core-mark.com
DXCM,www.dexcom.com
SGI,www.sgi.com
BLDR,www.bldr.com
RYN,www.rayonier.com
DECK,www.deckers.com
FFIN,www.ffin.com
FSP,www.franklinstreetproperties.com
ATRC,www.atricure.com
OFLX,www.omegaflex.com
DDS,www.dillards.com
FLS,www.flowserve.com
ELRC,www.electrorent.com
ATEC,www.alphatecspine.com
JGW,www.jgwpt.com
TRMK,www.trustmark.com
FHN,www.fhnc.com
GCI,www.gannett.com
FXCB,www.foxchasebank.com
PRIM,www.prim.com
AWI,www.armstrong.com
DRAM,www.dataram.com
POWI,www.power.com
GPC,www.genpt.com
PNNT,www.pennantpark.com
AEGR,www.aegerion.com
LLNW,www.limelightnetworks.com
EVI,www.drycleanusa.com
PEBK,www.peoplesbanknc.com
IMGN,www.immunogen.com
NKTR,www.nektar.com
QLYS,www.qualys.com
NVRO,www.nevro.com
HSNI,www.hsni.com
HPQ,www.hp.com
BPT,NULL
LACO,www.lakesentertainment.com
TWC,www.timewarnercable.com
SMCI,www.supermicro.com
EIG,www.employers.com
FOXA,www.21cf.com
ADRO,www.aduro.com
ZAIS,www.zaisgroupholdings.com
COLL,www.collegiumpharma.com
CYH,www.chs.net
VECO,www.veeco.com
TTI,www.tetratec.com
EYES,www.secondsight.com
CNNX,www.conemidstream.com
MGLN,www.magellanhealth.com
JPM,www.jpmorganchase.com
SAFM,www.sandersonfarms.com
JAKK,www.jakks.com
MFSF,www.bankwithmutual.com
MATR,www.mattersight.com
ISIL,www.intersil.com
WFC,www.wellsfargo.com
OBCI,www.oceanbiochem.com
RYAM,www.rayonieram.com
SSB,www.scbtonline.com
BLMN,www.bloominbrands.com
LEG,www.leggett.com
WATT,www.energous.com
ALE,www.allete.com
MOCO,www.mocon.com
3ARTH,www.archtherapeutics.com
DOC,www.docreit.com
ONTX,www.onconova.com
OCIR,www.ociresources.com
3CANN,www.generalcann.com
LOPE,www.gcu.edu
TXN,www.ti.com
AMSC,www.amsc.com
PVH,www.pvh.com
KITE,www.kitepharma.com
CSCO,www.cisco.com
SHLM,www.aschulman.com
IBKC,www.iberiabank.com
PFLT,www.pennantpark.com
SCON,www.suptech.com
VCRA,www.vocera.com
ACRE,www.arescre.com
DRAD,www.digirad.com
AXL,www.aam.com
EBTC,www.enterprisebanking.com
HSII,www.heidrick.com
OAS,www.oasispetroleum.com
PKE,www.parkelectro.com
TLOG,www.tetralogicpharma.com
RICE,www.riceenergy.com
RGEN,www.repligen.com
DYAX,www.dyax.com
UUU,www.universalsecurity.com
RKUS,www.ruckuswireless.com
OPK,www.opko.com
3SITO,www.sitomobile.com
CIT,www.cit.com
SAIA,www.saia.com
PSDV,www.psivida.com
KELYA,www.kellyservices.com
LXU,www.lsbindustries.com
BLUE,www.bluebirdbio.com
FFKT,www.farmerscapital.com
PDEX,www.pro-dex.com
NVR,www.nvrinc.com
APPY,www.venaxis.com
FRP,www.fairpoint.com
COSI,www.getcosi.com
NBS,www.neostem.com
DPZ,www.dominos.com
ATW,www.atwd.com
AVY,www.averydennison.com
BHI,www.bakerhughes.com
BLL,www.ball.com
RDNT,www.radnet.com
SCLN,www.sciclone.com
STEM,www.stemcellsinc.com
STE,www.steris.com
CDI,www.cdicorp.com
CASY,www.caseys.com
IEP,www.ielp.com
DGLY,www.digitalallyinc.com
CE,www.celanese.com
INTC,www.intel.com
OKS,www.oneokpartners.com
DXYN,www.thedixiegroup.com
MNI,www.mcclatchy.com
HNT,www.healthnet.com
HTBK,www.heritagecommercecorp.com
HBI,www.hanesbrands.com
SBH,www.sallybeautyholdings.com
GLDC,www.goldenflake.com
GHM,www.graham-mfg.com
GBX,www.gbrx.com
LLL,www.l-3com.com
MTR,NULL
FBRC,www.fbr.com
PANL,www.pangaeals.com
NEWR,www.newrelic.com
GWR,www.gwrr.com
MVC,www.mvccapital.com
LTRX,www.lantronix.com
IVR,www.invescomortgagecapital.com
IBIO,www.ibioinc.com
SPPR,www.supertelinc.com
HEOP,www.heritageoaksbancorp.com
PFIE,www.profireenergy.com
MVO,NULL
TCAP,www.tcap.com
JMG,www.journalcommunications.com
VSH,www.vishay.com
VSLR,www.vivintsolar.com
OPXA,www.opexatherapeutics.com
AKAM,www.akamai.com
ENTL,www.entellusmedical.com
LORL,www.loral.com
AAC,www.americanaddictioncenters.com
HTS,www.hatfin.com
ETRM,www.enteromedics.com
NBL,www.nobleenergyinc.com
PE,www.parsleyenergy.com
MCS,www.marcuscorp.com
MSI,www.motorolasolutions.com
INTG,www.intergroupcorporation.com
SALE,www.retailmenot.com
STRP,www.spathinc.com
SPEX,www.spherix.com
LOGM,www.logmein.com
TDS,www.teldta.com
TMK,www.torchmarkcorp.com
ARIS,www.arinet.com
COP,www.conocophillips.com
OCUL,www.ocutx.com
RAS,www.raitft.com
IESC,www.ies-co.com
RCKY,www.rockyboots.com
PMBC,www.pmbank.com
MEET,www.meetmecorp.com
IRWD,www.ironwoodpharma.com
LUV,www.southwest.com
SCX,www.starrett.com
BONT,www.bonton.com
SLAB,www.silabs.com
LPSN,www.liveperson.com
SPLP,www.steelpartners.com
TSRI,www.tsrconsulting.com
ZHNE,www.zhone.com
BCEI,www.bonanzacrk.net
TAX,www.libertytax.com
BLMT,www.belmontsavings.com
MEMP,www.memorialpp.com
TNGO,www.tangoe.com
SSYS,www.stratasys.com
HDSN,www.hudsontech.com
NWBO,www.nwbio.com
PLPM,www.planetpayment.com
PAH,www.platformspecialtyproducts.com
PFIN,www.pfina.com
GDP,www.goodrichpetroleum.com
CUDA,www.barracuda.com
CLDN,www.celladon.net
STKS,www.togrp.com
EGLT,www.egalet.com
VNCE,www.vince.com
PHX,www.panhandleoilandgas.com
PER,NULL
EMAN,www.emagin.com
HMPR,www.bankofhamptonroads.com
FWV,www.snl.com
ATLO,www.amesnational.com
DO,www.diamondoffshore.com
HEP,www.hollyenergy.com
KLAC,www.kla-tencor.com
KEQU,www.kewaunee.com
RCAP,www.rcscapital.com
MODN,www.modeln.com
ADMA,www.admabiologics.com
CNOB,www.centerbancorp.com
FNJN,www.finjan.com
PRXL,www.parexel.com
INT,www.wfscorp.com
VHI,www.valhi.net
KBH,www.kbhome.com
CPSI,www.cpsi.com
PAG,www.penskeautomotive.com
SRT,www.startek.com
PPBI,www.ppbi.com
MNKD,www.mannkindcorp.com
DRH,www.drhc.com
PXD,www.pxd.com
PAY,www.verifone.com
GTT,www.gtt.net
UIS,www.unisys.com
CSX,www.csx.com
LVNTA,www.libertyinteractive.com
FCBC,www.fcbresource.com
FCCY,www.firstconstitutionbank.com
FSNN,www.fusionconnect.com
HBP,www.huttig.com
ISH,www.intship.com
FRME,www.firstmerchants.com
RTRX,www.retrophin.com
INCY,www.incyte.com
RNN,www.rexahn.com
TROX,www.tronox.com
GHDX,www.genomichealth.com
ORI,www.oldrepublic.com
CVSL,www.cvsl.us.com
FWM,www.fairwaymarket.com
FSLR,www.firstsolar.com
GORO,www.goldresourcecorp.com
GSAT,www.globalstar.com
CW,www.curtisswright.com
REMY,www.remyinc.com
MOFG,www.midwestone.com
SAH,www.sonicautomotive.com
CYNO,www.cynosure.com
ARII,www.americanrailcar.com
GIGA,www.gigatronics.com
GLT,www.glatfelter.com
GEO,www.geogroup.com
HME,www.homeproperties.com
PODD,www.insulet.com
INFN,www.infinera.com
NAVG,www.navg.com
SBCF,www.seacoastnational.com
DVCR,www.advocatinc.com
ABCB,www.amerisbank.com
SSD,www.simpsonmfg.com
EHTH,www.ehealthinsurance.com
YRCW,www.yrcw.com
TSRE,www.tradestreetresidential.com
ERI,www.eldoradoresorts.com
CPPL,NULL
BLCM,www.bellicum.com
IMN,www.imation.com
HELE,www.hotus.com
TG,www.tredegar.com
HAFC,www.hanmi.com
WGBS,www.wafergen.com
PLXS,www.plexus.com
EQGP,NULL
ATRS,www.antarespharma.com
NCI,www.navigant.com
PMT,NULL
MDLY,NULL
FORD,www.forwardindustries.com
CBNJ,www.capebankonline2.com
RGSE,www.realgoodssolar.com
CTAS,www.cintas.com
LVLT,www.level3.com
INOV,www.inovalon.com
CENX,www.centuryaluminum.com
SYKE,www.sykes.com
GPX,www.gpstrategies.com
XEL,www.xcelenergy.com
RIVR,www.rvfbank.com
WPT,www.worldpointlp.com
VDSI,www.vasco.com
ANAC,www.anacor.com
SPOK,www.spok.com
WIFI,www.boingo.com
FBNK,www.farmingtonbankct.com
AM,www.anteromidstream.com
3NUUU,www.tapplic.com
SEP,www.spectraenergypartners.com
PRO,www.pros.com
VMW,www.vmware.com
PLT,www.plantronics.com
QSII,www.qsii.com
SPKE,www.sparkenergy.com
BXMT,www.blackstonemortgagetrust.com
AMBC,www.ambac.com
USCR,www.us-concrete.com
CALX,www.calix.com
CRMD,www.cormedix.com
AVEO,www.aveopharma.com
APO,www.agm.com
TE,www.tecoenergy.com
ACAD,www.acadia-pharm.com
MCEP,www.midconenergypartners.com
WHLR,www.whlr.us
EXTR,www.extremenetworks.com
ATLC,www.atlanticus.com
SFG,www.stancorpfinancial.com
FLT,www.fleetcor.com
DTV,www.directv.com
SIGM,www.sigmadesigns.com
BABY,www.natus.com
ANTM,www.antheminc.com
ZU,www.zulily.com
HNRG,www.halladorenergy.com
RTGN,www.ruthigen.com
MFRI,www.mfri.com
FLWS,www.1800flowers.com
VASC,www.vascularsolutions.com
UTMD,www.utahmed.com
VRNT,www.verint.com
PCRX,www.pacira.com
HSIC,www.henryschein.com
KCLI,www.kclife.com
BDR,www.blondertongue.com
GLDD,www.gldd.com
M,www.macysinc.com
SBUX,www.starbucks.com
MKTX,www.marketaxess.com
BTX,www.biotimeinc.com
AGCO,www.agcocorp.com
CRMT,www.car-mart.com
NYNY,www.empireresorts.com
MELA,www.melasciences.com
CTB,www.coopertire.com
WABC,www.westamerica.com
SGY,www.stoneenergy.com
SPTN,www.spartanstores.com
SNTA,www.syntapharma.com
CIFC,www.cifc.com
LOCK,www.lifelock.com
AIN,www.albint.com
OKSB,www.oksb.com
ROSE,www.rosettaresources.com
CODI,www.compassdiversifiedholdings.com
ADK,www.adcarehealth.com
MGPI,www.mgpingredients.com
GPIC,www.gpigaming.com
WEN,www.aboutwendys.com
GCO,www.genesco.com
GTY,www.gettyrealty.com
AXTI,www.axt.com
HZO,www.marinemax.com
UCFC,www.ucfconline.com
REI,www.ringenergy.com
SAR,www.saratogainvestmentcorp.com
NBY,www.novabaypharma.com
MRK,www.merck.com
MEI,www.methode.com
RXII,www.rxipharma.com
ACHN,www.achillion.com
Y,www.alleghany.com
AXTA,www.axaltacs.com
BHLB,www.berkshirebank.com
CLD,www.cloudpeakenergy.com
HSY,www.hersheys.com
EMMS,www.emmis.com
SXCP,www.sxcpartners.com
BCOR,www.blucora.com
PRTS,www.usautoparts.net
HAR,www.harman.com
GIMO,www.gigamon.com
OSUR,www.orasure.com
BLBD,www.blue-bird.com
SONC,www.sonicdrivein.com
OMCL,www.omnicell.com
ESSX,www.essexrental.com
AMGN,www.amgen.com
BEAV,www.beaerospace.com
YUMA,www.yumaenergyinc.com
PLBC,www.plumasbank.com
CMCO,www.cmworks.com
REV,www.revlon.com
IMMR,www.immersion.com
BWEN,www.bwen.com
MARK,www.remarkmedia.com
OZM,www.ozcap.com
CTIC,www.ctibiopharma.com
TER,www.teradyne.com
THOR,www.thoratec.com
GILD,www.gilead.com
DCTH,www.delcath.com
MBII,www.marronebioinnovations.com
PTC,www.ptc.com
IPI,www.intrepidpotash.com
LLY,www.lilly.com
LUB,www.lubys.com
OPWR,www.opower.com
PBT,www.pbt-permian.com
ANET,www.aristanetworks.com
XENT,www.intersectent.com
VKTX,www.vikingtherapeutics.com
MILL,www.millerenergyresources.com
USBI,www.firstusbank.com
TRCB,investor.tworiverbank.com
EVER,www.everbank.com
SVVC,www.firsthandtvf.com
SYK,www.strykercorp.com
ORLY,www.oreillyauto.com
ARRY,www.arraybiopharma.com
MOSY,www.mosys.com
MTDR,www.matadorresources.com
BCOV,www.brightcove.com
AZO,www.autozone.com
CEB,www.executiveboard.com
PRMW,www.primowater.com
NPTN,www.neophotonics.com
TOL,www.tollbrothers.com
EGL,www.engilitycorp.com
MBTF,www.mbandt.com
CAMB,NULL
3COCP,www.cocrystalpharma.com
OGS,www.onegas.com
MSO,www.marthastewart.com
FMBI,www.firstmidwest.com
TROW,www.troweprice.com
CVG,www.convergys.com
GS,www.goldmansachs.com
FULL,www.fccapital.com
OFED,www.oconeefederal.com
UAMY,www.usantimony.com
JBLU,www.jetblue.com
APAM,www.artisanpartners.com
BEE,www.strategichotels.com
PFSI,www.pennymacfinancial.com
CLAC,www.capitolacquisition.com
BKSC,www.banksc.com
CVLY,www.peoplesbanknet.com
REXR,www.rexfordindustrial.com
MIG,www.meadowbrook.com
CBMX,www.combimatrix.com
HCLP,www.hicrushpartners.com
IT,www.gartner.com
WSTG,www.waysidetechnology.com
UNXL,www.unipixel.com
ARO,www.aeropostale.com
EGN,www.energen.com
NEU,www.newmarket.com
NKSH,www.nationalbankshares.com
PRCP,www.perceptron.com
ASUR,www.asuresoftware.com
URZ,www.uranerz.com
MEA,www.metalico.com
PPO,www.polypore.net
MAN,www.manpowergroup.com
SBY,www.silverbayrealtytrustcorp.com
CEQP,www.crestwoodlp.com
IPG,www.interpublic.com
WHF,whitehorsefinance.com
RTI,www.rtiintl.com
MTZ,www.mastec.com
CSPI,www.cspi.com
CBT,www.cabot-corp.com
LVS,www.lasvegassands.com
SNSS,www.sunesis.com
DY,www.dycomind.com
DYSL,www.dynasilcorp.com
CYBE,www.cyberoptics.com
LDR,www.landauerinc.com
FIS,www.fisglobal.com
ATLS,www.atlasenergy.com
FUL,www.hbfuller.com
MINI,www.mobilemini.com
AVB,www.avalonbay.com
DV,www.devryinc.com
PWX,www.pwrr.com
LTS,www.ladenburg.com
LDOS,www.leidos.com
STAR,www.istarfinancial.com
IEX,www.idexcorp.com
AMKR,www.amkor.com
WAFD,www.washingtonfederal.com
KBR,www.kbr.com
CASM,www.casmed.com
NMIH,www.nationalmi.com
IBOC,www.ibc.com
OVTI,www.ovt.com
DMRC,www.digimarc.com
HCN,www.hcreit.com
WBMD,www.wbmd.com
EFSC,www.enterprisebank.com
BOBE,www.bobevans.com
JOY,www.joyglobal.com
OA,www.orbitalatk.com
SRCL,www.stericycle.com
WLFC,www.willislease.com
SNMX,www.senomyx.com
TBNK,www.territorialsavings.net
ARI,www.apolloreit.com
AEP,www.aep.com
AVD,www.american-vanguard.com
VMI,www.valmont.com
ALTV,www.alteva.com
IRIX,www.iridex.com
HUBG,www.hubgroup.com
TITN,www.titanmachinery.com
AHC,www.ahbelo.com
EBSB,www.ebsb.com
OPY,www.opco.com
CRR,www.carboceramics.com
NWL,www.newellrubbermaid.com
MOV,www.movadogroup.com
OXY,www.oxy.com
CTLT,www.catalent.com
ZSPH,www.zspharma.com
GIFI,www.gulfisland.com
GMED,www.globusmedical.com
MCP,www.molycorp.com
XON,www.dna.com
AAOI,www.ao-inc.com
QTS,www.qualitytech.com
INSY,www.insysrx.com
TLLP,www.tesorologistics.com
THR,www.thermon.com
MARPS,www.marps-marinepetroleumtrust.com
BRDR,www.borderfree.com
ATEN,www.a10networks.com
SCOR,www.comscore.com
BKCC,www.blackrockkelso.com
DSKX,www.dslaboratories.com
PPL,www.pplweb.com
PW,www.pwreit.com
PHM,www.pultegroupinc.com
TRUP,www.trupanion.com
ATRA,www.atarabio.com
BPI,www.bridgepointeducation.com
ODFL,www.odfl.com
EW,www.edwards.com
SMTP,www.smtp.com
TECU,www.tecumseh.com
XXIA,www.ixiacom.com
DVAX,www.dynavax.com
VGZ,www.vistagold.com
BBNK,www.bridgecapitalholdings.com
IFON,www.infosonics.com
RGS,www.regiscorp.com
RAD,www.riteaid.com
LCUT,www.lifetimebrands.com
CFFN,www.capfed.com
ENV,www.envestnet.com
AMRC,www.ameresco.com
COR,www.coresite.com
3UBIQ,www.ubiquitycorp.com
NEWM,www.newmediainv.com
ARLP,www.arlp.com
WAGE,www.wageworks.com
ASPN,www.aerogel.com
UFI,www.unifi-inc.com
UDR,www.udr.com
NATI,www.ni.com
RDI,www.readingrdi.com
EPAX,www.ambassadorsgroup.com
TRIP,www.tripadvisor.com
DTLK,www.datalink.com
ENSV,www.enservco.com
NGS,www.ngsgi.com
XEC,www.cimarex.com
SFM,www.sprouts.com
NVAX,www.novavax.com
AAWW,www.atlasair.com
UTI,www.uti.edu
BGS,www.bgfoods.com
AVT,www.avnet.com
B,www.BGInc.com
GPK,www.graphicpkg.com
CGNT,www.cogentixmedical.com
QCCO,www.qcholdings.com
HART,www.harvardapparatusregen.com
FBNC,www.localfirstbank.com
ROCK,www.gibraltar1.com
CMTL,www.comtechtel.com
CUZ,www.cousinsproperties.com
CBRL,www.crackerbarrel.com
DMND,www.diamondfoods.com
CAMP,www.calamp.com
UHT,www.uhrit.com
PSMT,www.pricesmart.com
ARCC,www.arescapitalcorp.com
OTEL,www.otelcoinc.com
DCO,www.ducommun.com
EML,www.easterncompany.com
NYCB,www.mynycb.com
FONR,www.fonar.com
CINF,www.cinfin.com
OME,www.omegaprotein.com
BPTH,www.biopathholdings.com
ALLY,www.ally.com
GWW,www.grainger.com
RLOG,www.randlogisticsinc.com
TYPE,www.monotype.com
MKC,www.mccormickcorporation.com
ONB,www.oldnational.com
WBS,www.websteronline.com
UFCS,www.unitedfiregroup.com
ALK,www.alaskaair.com
CDK,www.cdkglobal.com
TBK,www.triumphbancorp.com
LMRK,www.landmarkmlp.com
TBI,www.trueblue.com
ALIM,www.alimerasciences.com
TREE,www.tree.com
ASCMA,ascentcapitalgroupinc.com
PRXI,www.prxi.com
PAA,www.paalp.com
STL,www.sterlingbancorp.com
SE,www.spectraenergy.com
IMMY,www.imprimispharma.com
CERN,www.cerner.com
ETSY,www.etsy.com
ETFC,us.etrade.com
OMER,www.omeros.com
SRNE,www.sorrentotherapeutics.com
VNO,www.vno.com
WPP,www.wausaupaper.com
LNDC,www.landec.com
CRTN,www.cartesian.com
CHDN,www.churchilldownsincorporated.com
CLX,www.thecloroxcompany.com
PGR,www.progressive.com
CCC,www.calgoncarbon.com
ONVI,www.onvia.com
MTN,www.vailresorts.com
FIVE,www.fivebelow.com
LEN,www.lennar.com
MPET,www.magellanpetroleum.com
DPRX,www.dipexiumpharmaceuticals.com
SFS,www.smartandfinal.com
TRIV,www.trivascular.com
SGM,www.stonegatemtg.com
CVT,www.cvent.com
FMI,www.foundationmedicine.com
JASN,www.jasoninc.com
AWK,www.amwater.com
CLDX,www.celldextherapeutics.com
SINO,www.sino-global.com
ACRX,www.acelrx.com
AGYS,www.agilysys.com
NEP,www.investor.nexteraenergypartners.com
CIX,www.compx.com
SCI,www.sci-corp.com
NHI,www.nhireit.com
NRG,www.nrgenergy.com
SEAS,www.seaworld.com
NGL,www.nglenergypartners.com
PSG,www.performancesportsgroup.com
SYY,www.sysco.com
ELS,www.equitylifestyle.com
DEST,www.destinationmaternitycorp.com
GGP,www.ggp.com
BKMU,www.bankmutualcorp.com
ERA,www.eragroupinc.com
CG,www.carlyle.com
RGCO,www.rgcresources.com
FCFS,www.firstcash.com
AMRI,www.amriglobal.com
EXL,www.exceltrust.com
WMLP,www.oxfordresources.com
IL,www.intralinks.com
AMRS,www.amyris.com
TFM,www.thefreshmarket.com
INVN,www.invensense.com
DLHC,www.dlhcorp.com
FRED,www.fredsinc.com
OLN,www.olin.com
OKE,www.oneok.com
PCG,www.pgecorp.com
PMFG,www.pmfginc.com
ESBA,NULL
IBP,www.installedbuildingproducts.com
FPI,www.farmlandpartners.com
LE,www.landsend.com
NSIT,www.insight.com
EBAY,www.ebayinc.com
CRUS,www.cirrus.com
ENLK,www.enlink.com
ADEP,www.adept.com
MSM,www.mscdirect.com
LAKE,www.lakeland.com
MHO,www.mihomes.com
TSRA,www.tessera.com
ATO,www.atmosenergy.com
EXPD,www.expeditors.com
AIRM,www.airmethods.com
KOOL,www.cescatherapeutics.com
LFUS,www.littelfuse.com
RMBS,www.rambus.com
USAK,www.usa-truck.com
BBW,www.buildabear.com
CNW,www.con-way.com
GMCR,www.gmcr.com
TPLM,www.trianglepetroleum.com
CTRN,www.cititrends.com
OMG,www.omgi.com
AF,www.astoriabank.com
WWWW,www.web.com
VSCP,www.virtualscopics.com
CSS,www.cssindustries.com
CACI,www.caci.com
BPL,www.buckeye.com
EQC,www.cwhreit.com
NAVB,www.navidea.com
LGND,www.ligand.com
ECL,www.ecolab.com
ESIO,www.esi.com
CBLI,www.cbiolabs.com
BZH,www.beazer.com
OCLS,www.oculusis.com
KED,www.kaynefunds.com/ked/fact-sheet/
FCX,www.fcx.com
AI,www.arlingtonasset.com
HOMB,www.homebancshares.com
XPL,www.solitarioxr.com
MLR,www.millerind.com
DOM,www.dom-dominionblackwarriortrust.com
VTR,www.ventasreit.com
EQY,www.equityone.net
BR,www.broadridge.com
CAVM,www.caviumnetworks.com
CVS,www.cvshealth.com
MCY,www.mercuryinsurance.com
KND,www.kindredhealthcare.com
ITG,www.itg.com
ROYT,www.pacificcoastoiltrust.com
INWK,www.inwk.com
WY,www.weyerhaeuser.com
ITEK,www.inotekcorp.com
ARDM,www.aradigm.com
MDRX,www.allscripts.com
3VPIG,www.oink.com
HRL,www.hormelfoods.com
CTT,www.catchmark.com
KCAP,www.kohlbergcapital.com
RENT,www.rentrak.com
VIRT,www.virtu.com
HAYN,www.haynesintl.com
FTI,www.fmctechnologies.com
PRU,www.prudential.com
AIG,www.aig.com
AMS,www.ashs.com
VIRC,www.virco.com
WBA,www.walgreens.com
WRE,www.writ.com
MWV,www.meadwestvaco.com
NTN,www.buzztime.com
VICR,www.vicorpower.com
HYH,www.halyardhealth.com
GVA,www.graniteconstruction.com
LPTH,www.lightpath.com
ELNK,www.earthlink.net
PLUG,www.plugpower.com
CHD,www.churchdwight.com
CRV,www.coastdistribution.com
CMCSA,www.comcast.com
DXLG,www.destinationxl.com
XHR,www.xeniareit.com
HEB,www.hemispherx.net
TRV,www.travelers.com
MAIN,www.mainstcapital.com
ZEP,www.zepinc.com
CVI,www.cvrenergy.com
VNR,www.vnrllc.com
IQNT,www.inteliquent.com
NEWP,www.newport.com
WLRH,NULL
MWW,www.monster.com
DXPE,www.dxpe.com
3ASPU,www.aspen.edu
SXE,www.southcrossenergy.com
ATNI,www.atni.com
WNC,www.wabashnational.com
WRLD,www.worldacceptance.com
HBNC,www.horizonbank.com
GLPI,www.glpropinc.com
KATE,www.katespadeandcompany.com
MDU,www.mdu.com
MRO,www.marathonoil.com
SGNL,www.signalgenetics.com
TESO,www.tescocorp.com
VRSN,www.verisigninc.com
SXI,www.standex.com
MNRO,www.monro.com
EXEL,www.exelixis.com
SGA,sagacom.com
VUZI,www.vuzix.com
MSG,www.thegarden.com/
SANW,www.swseedco.com
SSY,www.sunlinkhealth.com
PSUN,www.pacsun.com
UTIW,www.go2uti.com
IRG,www.igniterestaurants.com
AXGN,www.axogeninc.com
AXAS,www.abraxaspetroleum.com
MKSI,www.mksinst.com
LPNT,www.lifepointhealth.net
ERN,www.erinenergy.com
GBDC,www.golubcapitalbdc.com
CY,www.cypress.com
XOMA,www.xoma.com
XGTI,www.xgtechnology.com
VCYT,www.veracyte.com
ENBL,www.enablemidstream.com
KN,www.knowles.com
CCOI,www.cogentco.com
CAW,www.ccaindustries.com
SAL,www.salisburybank.com
ALQA,alliqua.com
SYMC,www.symantec.com
RSYS,www.radisys.com
WYNN,www.wynnresorts.com
IBTX,www.independent-bank.com
AHH,www.armadahoffler.com
FDO,www.familydollar.com
FSS,www.federalsignal.com
CENTA,www.central.com
KMG,www.kmgchemicals.com
KRO,www.kronosww.com
STLD,www.steeldynamics.com
TPX,www.tempursealy.com
SNV,www.synovus.com
ICUI,www.icumed.com
HFFC,www.homefederal.com
WTI,www.wtoffshore.com
EXR,www.extraspace.com
BMR,www.biomedrealty.com
STZ,www.cbrands.com
CAH,www.cardinalhealth.com
CAT,www.caterpillar.com
BAMM,www.booksamillion.com
TCO,www.taubman.com
MRVC,www.mrv.com
MNTX,www.manitexinternational.com
CMS,www.cmsenergy.com
ADT,www.adt.com
IEC,www.iec-electronics.com
IDCC,www.interdigital.com
IVC,www.invacare.com
BCC,www.bc.com
ASBI,www.ameriana.com
MAR,www.marriott.com
NFX,www.newfield.com
SGBK,www.stonegatebank.com
DG,www.dollargeneral.com
EV,www.eatonvance.com
HAIN,www.hain-celestial.com
LPTN,www.lpath.com
ACI,www.archcoal.com
FMNB,www.farmersbankgroup.com
LBAI,www.lakelandbank.com
SONA,www.sonabank.com
PERY,www.pery.com
LGF,www.lionsgate.com
EPR,www.eprkc.com
CFFI,www.cffc.com
CNSI,www.comverse.com
MFA,www.mfa-reit.com
SOCB,www.southcoastbank.com
RGDX,www.responsegenetics.com
SLH,www.solerainc.com
SUBK,www.scnb.com
GTS,www.triplesmanagement.com
WWW,www.wolverineworldwide.com
HDP,www.hortonworks.com
HCA,www.hcahealthcare.com
JNS,www.janus.com
ARNA,www.arenapharm.com
KERX,www.keryx.com
HE,www.hei.com
NTIP,www.network-1.com
PB,www.prosperitybankusa.com
FCAP,www.firstharrison.com
HT,www.hersha.com
BC,www.brunswick.com
UNM,www.unum.com
CATY,www.cathaybank.com
BIOS,www.bioscrip.com
OCN,www.ocwen.com
BTU,www.peabodyenergy.com
STWD,www.starwoodpropertytrust.com
AME,www.ametek.com
WSO,www.watsco.com
EPRS,www.epirusbiopharma.com
GAIA,www.gaiam.com
IDN,www.icmobil.com
RTEC,www.rudolphtech.com
CMC,www.cmc.com
STDY,www.steadymed.com
MSCI,www.msci.com
NEM,www.newmont.com
MRNS,www.marinuspharma.com
CERS,www.cerus.com
TUMI,www.tumi.com
CNAT,www.conatuspharma.com
ESPR,www.esperion.com
3CNAB,www.unitedcannabis.us
FUNC,www.mybankfirstunited.com
EVHC,www.evhc.net
3PROP,www.propell.com
GALE,www.galenabiopharma.com
LEE,www.lee.net
FAC,www.acceptanceinsurance.com
LPX,www.lpcorp.com
RUBI,www.rubiconproject.com
FIVN,www.five9.com
BOX,www.box.net
BZC,www.breeze-eastern.com
KIM,www.kimcorealty.com
RAI,www.reynoldsamerican.com
SBAC,www.sbasite.com
JNPR,www.juniper.net
XBKS,www.xenithbank.com
NAUH,www.national.edu
GDOT,www.greendot.com
PBI,www.pb.com
AGX,www.arganinc.com
WPC,www.wpcarey.com
MRCY,www.mrcy.com
PES,www.pioneeres.com
SWX,www.swgas.com
QBAK,www.qualstar.com
ARCP,www.arcpreit.com
NSPR,www.inspire-md.com
CHEF,www.chefswarehouse.com
CHS,www.chicosfas.com
POL,www.polyone.com
SRLP,www.spragueenergy.com
USLM,www.uslm.com
AN,www.autonation.com
LLTC,www.linear.com
GME,www.gamestop.com
CAB,www.cabelas.com
NTIC,www.ntic.com
TIME,www.timeinc.com
CARB,www.carbonite.com
ACUR,www.acurapharm.com
IXYS,www.ixys.com
3CLCN,www.creativelearningcorp.com
UHS,www.uhsinc.com
VSEC,www.vsecorp.com
ISSI,www.issi.com
VOYA,www.voya.com
GHL,www.greenhill.com
WR,www.westarenergy.com
KMT,www.kennametal.com
THST,www.truetthurstinc.com
FSB,www.franklinfinancialnetwork.com
CCS,www.centurycommunities.com
LTRE,www.learningtree.com
HTLF,www.wooribank.com
FSYS,www.fuelsystemssolutions.com
BRLI,www.bioreference.com
SSS,www.unclebobs.com
EXAR,www.exar.com
NAII,www.nai-online.com
HRTX,www.herontx.com
TTWO,www.take2games.com
ARE,www.labspace.com
AIZ,www.assurant.com
TICC,www.ticc.com
CRM,www.salesforce.com
HTM,www.usgeothermal.com
GNW,www.genworth.com
HSP,www.hospira.com
SSI,www.stagestoresinc.com
BPOP,www.popular.com/home
RNST,www.renasant.com
HLX,www.helixesg.com
CRZO,www.crzo.net
HTCH,www.htch.com
AEGN,www.aegion.com
TMHC,www.taylormorrison.com
FBP,www.firstbankpr.com
AMSF,www.amerisafe.com
CA,www.ca.com
IPAR,www.interparfumsinc.com
PPS,www.postproperties.com
NSR,www.neustar.biz
ACXM,www.acxiom.com
CRS,www.cartech.com
XRAY,www.dentsply.com
HCC,www.hcc.com
RPTP,www.raptorpharma.com
BBG,www.billbarrettcorp.com
EGP,www.eastgroup.net
MED,www.medifast1.com
RF,www.regions.com
FSTR,www.lbfoster.com
CPRT,www.copart.com
LARK,www.landmarkbancorpinc.com
ADC,www.agreerealty.com
CPRX,www.catalystpharma.com
AB,NULL
GPI,www.group1auto.com
MTD,www.mt.com
ECTE,www.echotx.com
SPWR,www.sunpowercorp.com
CBMG,www.cellbiomedgroup.com
MGRC,www.mgrc.com
MDP,www.meredith.com
IBCP,www.independentbank.com
FFBC,www.bankatfirst.com
PGTI,www.pgtindustries.com
EROC,www.eaglerockenergy.com
ACET,www.aceto.com
WEYS,www.weycogroup.com
HRG,www.HRGgroup.com
FRPT,www.freshpet.com
DM,www.dommidstream.com
HRMNU,NULL
UPLD,www.uplandsoftware.com
NBIX,www.neurocrine.com
SBFG,www.yoursbfinancial.com
3BLPG,www.bluelineprotectiongroup.com
CPHC,www.canterburypark.com
PPC,www.pilgrims.com
ISR,www.isoray.com
JJSF,www.jjsnack.com
CDZI,www.cadizinc.com
MDLZ,www.mondelezinternational.com
FTNT,www.fortinet.com
IRDM,www.iridium.com
ALOG,www.analogic.com
VALU,www.valueline.com
VMC,www.vulcanmaterials.com
PGRE,www.paramount-group.com
STOR,www.storecapital.com/
APRI,www.apricusbio.com
EXPE,www.expediainc.com
TDY,www.teledynetechnologies.com
TRMB,www.trimble.com
TDC,www.teradata.com
APEI,www.americanpubliceducation.com
FRSH,NULL
ESRT,www.empirestaterealtytrust.com
TSS,www.tsys.com
QCOM,www.qualcomm.com
MCO,www.moodys.com
HCOM,www.hawaiiantel.com
MCC,www.medleycapitalcorp.com
HII,www.huntingtoningalls.com
CSLT,www.castlighthealth.com
COLM,www.columbia.com
NANO,www.nanometrics.com
YUME,www.yume.com
BUSE,www.busey.com
PRGS,www.progress.com
FTR,www.frontier.com
SDT,NULL
SUNS,www.solarseniorcap.com
AWAY,www.homeaway.com
MTGE,www.mtge.com
PG,www.pg.com
DOOR,www.masonite.com
OLBK,www.oldlinebank.com
RMTI,www.rockwellmed.com
MDSO,www.mdsol.com
SEIC,www.seic.com
SLI,www.slindustries.com
SLB,www.slb.com
TNAV,www.telenav.com
TRR,www.trcsolutions.com
HBIO,www.harvardbioscience.com
ETP,www.energytransfer.com
TNXP,www.tonixpharma.com
QLIK,www.qlikview.com
RP,www.realpage.com
PPG,www.ppg.com
PH,www.parker.com
KIN,www.kindredbio.com
SFNC,www.simmonsfirst.com
PIH,www.1347pih.com
FRAN,www.francescas.com
RMGN,www.rmgnetworks.com
TLYS,www.tillys.com
ZLTQ,www.coolsculpting.com
AAP,www.advanceautoparts.com
SXL,www.sunocologistics.com
MEIL,www.methes.com
PLKI,www.popeyes.com/investors
VRA,www.verabradley.com
SWFT,www.swifttrans.com
SBRA,www.sabrahealth.com
PBCT,www.peoples.com
BTN,www.strong-world.com
SWM,www.swmintl.com
CATM,www.cardtronics.com
JNJ,www.jnj.com
KSU,www.kcsouthern.com
KMB,www.kimberly-clark.com
MRIN,www.marinsoftware.com
BYBK,www.baybankmd.com
HTBX,www.heatbio.com
IDSA,www.isa-inc.com
WRES,www.warrenresources.com
HHS,www.harte-hanks.com
SVBI,www.severnbank.com
FITB,www.53.com
FGP,www.ferrellgas.com
OHI,www.omegahealthcare.com
SRPT,www.sareptatherapeutics.com
INTT,www.intest.com
QEP,www.qepres.com
MNRK,www.monarchbank.com
REX,www.rexamerican.com
ADP,www.adp.com
BAX,www.baxter.com
OLED,www.universaldisplay.com
FINL,www.finishline.com
BECN,www.beaconroofingsupply.com
THRX,www.thrxinc.com
JCS,www.commsystems.com
CLR,www.clr.com
COO,www.coopercos.com
ZUMZ,www.zumiez.com
LINC,www.lincolnedu.com
ZN,www.zionoil.com
CIA,www.citizensinc.com
HIIQ,www.hiiquote.com
PTN,www.palatin.com
REG,www.regencycenters.com
WAL,www.westernalliancebancorp.com
JMBA,www.jambajuice.com
MDVN,www.medivation.com
CPSS,www.consumerportfolio.com
OSIS,www.osi-systems.com
SUI,www.suncommunities.com
SHOO,www.stevemadden.com
SPG,www.simon.com
BDL,www.flanigans.net
GPS,www.gapinc.com
BCRX,www.biocryst.com
MBLX,www.metabolix.com
DAIO,www.dataio.com
AOI,www.aointl.com
CTIB,www.ctiindustries.com
BKD,www.brookdaleliving.com
SURG,www.synergeticsusa.com
GM,www.gm.com
GEF,www.greif.com
SCTY,www.solarcity.com
ORRF,www.orrstown.com
TSQ,www.townsquaremedia.com
MAS,www.masco.com
MCD,www.aboutmcdonalds.com
UAM,www.universalamerican.com
COB,www.community1.com
NKA,www.niskapartners.com
PBIB,www.pbibank.com
AVX,www.avxcorp.com
MATX,www.matson.com
SF,www.stifel.com
NVEC,www.nve.com
HUBS,www.hubspot.com
ONDK,www.ondeck.com
SSRG,www.symmetrysurgical.com
KLXI,www.klx.com
RUSHA,www.rushenterprises.com
MGT,www.mgtci.com
VC,www.visteon.com
FES,www.forbesenergyservices.com
RRTS,www.rrts.com
SWHC,www.smith-wesson.com
PCYG,www.parkcitygroup.com
NSA,www.nationalstorageaffiliates.com
BPMC,www.blueprintmedicines.com
WST,www.westpharma.com
PLCM,www.polycom.com
AREX,www.approachresources.com
ABDC,www.alcentracapital.com
WIBC,www.wilshirebank.com
ATI,www.atimetals.com
SPNC,www.spectranetics.com
SAEX,www.saexploration.com
LKFN,www.lakecitybank.com
PM,www.pmi.com
LANC,www.lancastercolony.com
LECO,www.lincolnelectric.com
MDC,www.richmondamerican.com
AKBA,www.akebia.com
ENLC,www.enlink.com
FSIC,www.fsinvestmentcorp.com
REXX,www.rexenergycorp.com
AOS,www.aosmith.com
ZBRA,www.zebra.com
ENR,www.energizer.com
SPRT,www.support.com
SZYM,www.solazyme.com
TLR,www.timberline-resources.com
FIBK,www.fibk.com
ARDX,www.ardelyx.com
DNR,www.denbury.com
AMPH,www.amphastar.com
IMPR,www.imprivata.com
HOLX,www.hologic.com
YDLE,www.yodlee.com
WDR,www.waddell.com
ROL,www.rollins.com
TCP,www.tcpipelineslp.com
EAC,www.ericksonaircrane.com
IPHI,www.inphi.com
REFR,www.smartglass.com
GROW,www.usfunds.com
LPG,www.dorianlpg.com
OXM,www.oxfordinc.com
PAR,www.partech.com
VRNS,www.varonis.com
PLPC,www.preformed.com
PRK,www.parknationalcorp.com
LADR,www.laddercapital.com
OUT,www.outfrontmedia.com
TSE,www.trinseo.com
CFNL,www.cardinalbank.com
FMSA,www.fairmountminerals.com
UMBF,www.umb.com
WFD,www.westfieldbank.com
ABBV,www.abbvie.com
NEOG,www.neogen.com
HPT,www.hptreit.com
CVO,www.cenveo.com
HASI,www.hannonarmstrong.com
EPZM,www.epizyme.com
SCCO,www.southerncoppercorp.com
3NEPH,www.nephros.com
MRTN,www.marten.com
CKEC,www.carmike.com
ARQL,www.arqule.com
PRSC,www.provcorp.com
GTXI,www.gtxinc.com
LABL,www.multicolorcorp.com
SMLP,www.summitmidstream.com
KNL,www.knoll.com
GAS,www.aglresources.com
ADSK,www.autodesk.com
VZ,www.verizon.com
CSH,www.cashamerica.com
ICCC,www.immucell.com
CRT,www.crt-crosstimbers.com
ESRX,www.express-scripts.com
EXH,www.exterran.com
QADA,www.qad.com
VVI,www.viad.com
IG,www.igilabs.com
IMMU,www.immunomedics.com
INPH,www.interphase.com
BDC,www.belden.com
DRC,www.dresser-rand.com
NXTM,www.nxstage.com
RLGT,www.radiantdelivers.com
ICE,www.theice.com
DLB,www.dolby.com
NSYS,www.nortechsys.com
DOW,www.dow.com
NTLS,www.ntelos.com
IGC,www.indiaglobalcap.com
FRS,www.frischs.com
NNBR,www.nninc.com
EXLP,www.exterran.com/EXLP
AMG,www.amg.com
ALDW,www.alonpartners.com
BIOD,www.biodel.com
MSEX,www.middlesexwater.com
NSEC,www.nationalsecuritygroup.com
TRST,www.trustcobank.com
DNKN,www.dunkinbrands.com
ESXB,www.cbtrustcorp.com
WYN,www.wyndhamworldwide.com
PNW,www.pinnaclewest.com
SWKS,www.skyworksinc.com
NEOT,www.lithera.com
CVCY,www.cvcb.com
GPRE,www.gpreinc.com
AMOT,www.alliedmotion.com
NEWS,www.newstarfin.com
BLT,www.blount.com
WMT,www.walmart.com
VBIV,www.vbivaccines.com
ALXN,www.alexionpharm.com
BGCP,www.bgcpartners.com
N,www.netsuite.com
MGN,www.minesmanagement.com
CRK,crkfrisco.com
PLMT,www.palmettobank.com
UIHC,www.upcinsurance.com
NDSN,www.nordson.com
KEYS,www.keysight.com
SIR,www.sirreit.com
TSRO,www.tesarobio.com
NL,www.nl-ind.com
STCK,www.stocksupply.com
NXTD,www.nxt-id.com
FGL,home.fglife.com
TRXC,www.transenterix.com
PEGI,www.patternenergy.com
CFX,www.colfaxcorp.com
3VOIL,www.virtusoilandgas.com
UAN,www.cvrpartners.com
JTPY,www.jetpaycorp.com
LB,www.limitedbrands.com
LNC,www.lfg.com
TWOU,2u.com
SDPI,www.sdpi.com
VRTU,www.virtusa.com
RGLD,www.royalgold.com
GMO,www.generalmoly.com
VPCO,www.vapor-corp.com
EXPR,www.express.com
PFE,www.pfizer.com
ISTR,www.investarbank.com
SYF,www.synchronyfinancial.com
KE,www.kegroup.com
BHBK,www.bluehillsbancorp.com
PDVW,www.pacificdatavision.com
AAVL,www.avalanchebiotech.com
ABIO,www.arcabiopharma.com
MITT,www.agmortgageinvestmenttrust.com
CVTI,www.ctgcompanies.com
COL,www.rockwellcollins.com
WCIC,www.wcicommunities.com
CNS,www.cohenandsteers.com
MDGN,www.medgenics.com
ASYS,www.amtechsystems.com
PNRA,www.panerabread.com
EVLV,www.evine.com
FAF,www.firstam.com
TSLA,www.teslamotors.com
OLP,www.1liberty.com
ARCX,www.arcterminals.com
BIOC,www.biocept.com
NRX,www.nephrogenex.com
HEAR,turtlebeachcorp.com
CERE,www.ceres.net
FVE,www.fivestarseniorliving.com
CORT,www.corcept.com
EIGI,www.enduranceinternational.com
TECD,www.techdata.com
TRI,www.thomsonreuters.com
QRHC,www.qrhc.com
MRCC,www.monroebdc.com
QTWW,www.qtww.com
TPH,www.tripointegroup.com
KMI,www.kindermorgan.com
AMH,www.americanhomes4rent.com
PSXP,www.phillips66partners.com
FBMS,www.thefirstbank.com
WTS,www.wattswater.com
JOE,www.joe.com
RMD,www.resmed.com
ACTG,www.acaciaresearch.com
LF,www.leapfrog.com
FRT,www.federalrealty.com
FICO,www.fico.com
LTM,www.lifetimefitness.com
BCPC,www.balchem.com
CACC,www.creditacceptance.com
DHIL,www.diamond-hill.com
MPWR,www.monolithicpower.com
CPT,www.camdenliving.com
BRKL,www.brooklinebank.com
TLP,www.transmontaignepartners.com
ITC,www.itc-holdings.com
GCA,www.gcainc.com
MBI,www.mbia.com
PESI,www.perma-fix.com
ULBI,www.ultralifecorp.com
INS,www.intelsys.com
JDSU,www.jdsu.com
TIS,www.orchidspaper.com
PIP,www.pharmathene.com
DD,www.dupont.com
STS,www.supremeind.com
CMG,www.chipotle.com
CRDC,www.cardica.com
DEI,www.douglasemmett.com
NLST,www.netlist.com
TGT,www.targetcorp.com
AUMN,www.goldenminerals.com
UA,www.uabiz.com
ETE,www.energytransfer.com
WDAY,www.workday.com
CHFC,www.chemicalbankmi.com
ADTN,www.adtran.com
AMED,www.amedisys.com
EFOI,www.energyfocusinc.com
CLI,www.mack-cali.com
CQP,www.cheniereenergypartners.com
MAT,www.mattel.com
OFG,www.orientalbank.com
WIN,www.windstream.com
ALX,www.alx-inc.com
VWR,www.vwr.com
ICBK,www.investorscommunitybank.com
CASI,www.casipharmaceuticals.com
CPHD,www.cepheid.com
BOTJ,www.bankofthejames.com
RXN,www.rexnord.com
HUB.B,www.hubbell.com
PSTB,www.parksterlingbank.com
BMY,www.bms.com
BWS,www.brownshoe.com
BVX,www.boviemedical.com
ARG,www.airgas.com
KRFT,www.kraftfoodsgroup.com
GDDY,www.godaddy.com
NXRT,NULL
AXR,www.amrepcorp.com
CLCT,www.collectors.com
FNSR,www.finisar.com
ORN,www.orionmarinegroup.com
CLSN,www.celsion.com
CLC,www.clarcor.com
CLF,www.cliffsnaturalresources.com
FHCO,www.femalehealth.com
PRGX,www.prgx.com
NWN,www.nwnatural.com
BLOX,www.infoblox.com
NOW,www.servicenow.com
TPVG,www.tpvg.com
CMCT,www.cimcommercial.com
MRD,www.memorialrd.com
KCG,www.kcg.com
BURL,www.burlingtoncoatfactory.com
SAIC,www.saic.com
TFX,www.teleflex.com
TXT,www.textron.com
TR,www.tootsie.com
YOD,www.yod.com
SWSH,www.swisherhygiene.com
PJC,www.piperjaffray.com
PGN,www.paragonoffshore.com
IMDZ,www.immunedesign.com
OPOF,www.oldpoint.com
PFIS,www.psbt.com
PWR,www.quantaservices.com
APPS,www.digitalturbine.com
BMRN,www.bmrn.com
QNST,www.quinstreet.com
RGR,www.ruger-firearms.com
CRY,www.cryolife.com
RPRX,www.reprosrx.com
TCBK,www.tcbk.com
JIVE,www.jivesoftware.com
JMI,investor.javelinreit.com
TWMC,www.twec.com
EOX,www.emeraldoil.com
ITI,www.iteris.com
TACO,NULL
CTRE,www.caretrustreit.com
RHT,www.redhat.com
COOL,www.majescoentertainment.com
LOOK,www.looksmart.com
ININ,www.inin.com
SNH,www.snhreit.com
ELON,www.echelon.com
TRT,www.triotech.com
TYL,www.tylertech.com
STRT,www.strattec.com
CRAY,www.cray.com
AEIS,www.advanced-energy.com
GALT,www.galectintherapeutics.com
OCAT,www.ocata.com
UCTT,www.uct.com
GULTU,NULL
IDRA,www.iderapharma.com
PKBK,www.parkebank.com
CYAN,www.cyanotech.com
BOOM,www.dmcglobal.com
3FNMA,www.fanniemae.com
SLP,www.simulations-plus.com
XRM,www.xerium.com
SNAK,www.inventuregroup.net
AIT,www.applied.com
BSX,www.bostonscientific.com
OUTR,www.outerwall.com
NURO,www.neurometrix.com
IDA,www.idacorpinc.com
ISCA,NULL
ALJ,www.alonusa.com
CXP,www.columbiapropertytrust.com
CAR,www.avisbudgetgroup.com
AKRX,www.akorn.com
BCO,www.brinks.com
CATO,www.catofashions.com
CTL,www.centurylink.com
EBIX,www.ebix.com
RDN,www.radian.biz
YUM,www.yum.com
NATL,www.nationalinterstate.com
3CYRX,www.cryoport.com
UACL,www.goutsi.com
GBNK,www.gbnk.com
PLNR,www.planar.com
FMER,www.firstmerit.com
FRD,www.friedmanindustries.com
RVLT,www.nexxuslighting.com
EXP,www.eaglematerials.com
UPL,www.ultrapetroleum.com
MANH,www.manh.com
SFLY,www.shutterfly.com
CRWS,www.crowncrafts.com
DTE,www.dteenergy.com
FTK,www.flotekind.com
LBY,www.libbey.com
CROX,www.crocs.com
FCH,www.felcor.com
ENOC,www.enernoc.com
HST,www.hosthotels.com
MXWL,www.maxwell.com
RNO,www.rhinolp.com
LTXB,www.legacytexasfinancialgroup.com
AYR,www.aircastle.com
ASA,www.asaltd.com
TAXI,www.medallionfinancial.com
CPST,www.capstoneturbine.com
ENTG,www.entegris.com
IILG,www.iilg.com
HAL,www.halliburton.com
STRL,www.strlco.com
HXL,www.hexcel.com
HOT,www.starwood.com
ONFC,www.oneidafinancial.com
SBSA,www.spanishbroadcasting.com
TAST,www.carrols.com
IBKR,www.interactivebrokers.com
BKH,www.blackhillscorp.com
IMKTA,www.ingles-markets.com
GEN,www.genesishcc.com
MTRX,www.matrixservicecompany.com
CLCD,www.colucid.com
AWRE,www.aware.com
CLNY,www.colonyinc.com
ASEI,www.as-e.com
APA,www.apachecorp.com
TKAI,www.tokaipharma.com
PRAH,www.prahs.com
CHTR,www.charter.com
VOXX,www.voxxintl.com
GTIM,www.goodtimesburgers.com
FCN,www.fticonsulting.com
NFBK,www.enorthfield.com
NYT,www.nytco.com
PANW,www.paloaltonetworks.com
FPRX,www.fiveprime.com
PINC,www.premierinc.com
VLP,www.valeroenergypartners.com
GRUB,www.grubhub.com
PAYC,www.paycom.com
WMS,www.ads-pipe.com
FPP,www.fppcorp.com
MASI,www.masimo.com
POM,www.pepcoholdings.com
POWL,www.powellind.com
VEC,www.vectrus.com
INVT,www.inventergy.com
NWFL,www.waynebank.com
SCG,www.scana.com
SHW,www.sherwin.com
FFIV,www.f5.com
CIE,www.cobaltintl.com
SJM,www.smucker.com
SPF,www.standardpacifichomes.com
WLH,www.lyonhomes.com
PXLW,www.pixelworks.com
CEVA,www.ceva-dsp.com
RLJE,www.rljentertainment.com
VICL,www.vical.com
HALL,www.hallmarkgrp.com
RECN,www.resourcesglobal.com
RRMS,www.rrmidstream.com
QTM,www.quantum.com
STR,www.questar.com
REXI,www.resourceamerica.com
PTX,www.pernixtx.com
VLTC,www.voltari.com
TASR,www.taser.com
BGFV,www.big5sportinggoods.com
ACFC,www.atlanticcoastbank.net
SSH,www.sunshineheart.com
TNDM,www.tandemdiabetes.com
TRVN,www.trevenainc.com
SWAY,www.starwoodwaypoint.com
MBUU,www.malibuboats.com
UNTD,www.unitedonline.net
OAK,www.oaktreecapital.com
BIG,www.biglots.com
MS,www.morganstanley.com
COTY,www.coty.com
WSR,www.whitestonereit.com
RNDY,www.roundys.com
SMSI,www.smithmicro.com
GSIG,www.gsig.com
HNNA,www.hennessyadvisors.com
EME,www.emcorgroup.com
KAMN,www.kaman.com
KTCC,www.keytronicems.com
TSC,www.tristatecapitalbank.com
CTXS,www.citrix.com
APU,www.amerigas.com
IPAS,www.ipass.com
DJCO,www.dailyjournal.com
ACM,www.aecom.com
DAVE,www.famousdaves.com
AHT,www.ahtreit.com
BGC,www.generalcable.com
NYMT,www.nymtrust.com
PRSN,www.bsdmedical.com
MHK,www.mohawkind.com
KSS,www.KohlsCorporation.com
SIFI,www.mysifi.com
CNMD,www.conmed.com
EFII,www.efi.com
KAI,www.kadant.com
MPW,www.medicalpropertiestrust.com
INBK,www.firstinternetbancorp.com
HUN,www.huntsman.com
TILE,www.interface.com
HMHC,www.hmhco.com
SCHN,www.schnitzersteel.com
HFBC,www.bankwithheritage.com
CTSO,www.cytosorbents.com
MGM,www.mgmresorts.com
ESCR,www.escaleraresources.com
DUK,www.duke-energy.com
DNB,www.dnb.com
UFPT,www.ufpt.com
MCBC,www.macatawabank.com
VG,www.vonage.com
FNFG,www.firstniagara.com
SCMP,www.sucampo.com
CCK,www.crowncork.com
CLBH,www.carolinabank.com
ROX,www.castlebrandsinc.com
RPT,www.ramcogershenson.com
TEP,www.tallgrassenergylp.com
CAPL,www.crossamericapartners.com
TRS,www.trimascorp.com
MIK,www.michaels.com
MU,www.micron.com
NPBC,www.nationalpennbancshares.com
IHC,www.independenceholding.com
WSBC,www.wesbanco.com
XXII,www.xxiicentury.com
BLFS,www.biolifesolutions.com
FR,www.firstindustrial.com
HMNF,www.hmnf.com
HWCC,www.houwire.com
ACU,www.acmeunited.com
RWC,www.relm.com
AE,www.adamsresources.com
GBSN,www.gbscience.com
SNR,www.newseniorinv.com
ISRG,www.intuitivesurgical.com
BRKR,www.bruker.com
MHH,www.mastech.com
RST,www.rosettastone.com
HNI,www.honi.com
HH,www.hooperholmes.com
ESI,www.ittesi.com
BBY,www.bestbuy.com
ZQK,www.quiksilverinc.com
FRPH,www.patriottrans.com
BIOL,www.biolase.com
HIBB,www.hibbett.com
AFL,www.aflac.com
ARL,www.amrealtytrust.com
LBRDK,www.libertybroadband.com
KMPR,www.kemper.com
SGRP,www.sparinc.com
AJX,www.great-ajax.com
PKG,www.packagingcorp.com
NES,www.nuverra.com
GWGH,www.gwglife.com
CIEN,www.ciena.com
AR,www.anteroresources.com
ANH,www.anworth.com
TEN,www.tenneco.com
LAWS,www.lawsonproducts.com
CORI,www.coriumgroup.com
AGTC,www.agtc.com
MTBC,www.mtbc.com
ISSC,www.innovative-ss.com
GEVO,www.gevo.com
3WIZD,www.wizardworld.com
TERP,www.terraform.com
ZFGN,www.zafgen.com
SLCA,www.ussilica.com
SFE,www.safeguard.com
SKX,www.skechers.com
VHC,www.virnetx.com
TC,www.thompsoncreekmetals.com
PRFT,www.perficient.com
STBZ,www.statebt.com
AVID,www.avid.com
GPN,www.globalpaymentsinc.com
NBHC,www.nationalbankholdings.com
RPM,www.rpminc.com
IDXX,www.idexx.com
AES,www.aes.com
QUAD,www.qg.com
ASTE,www.astecindustries.com
ZMH,www.zimmer.com
ABG,www.asburyauto.com
ABCO,www.advisory.com
FF,www.futurefuelcorporation.com
ODC,www.oildri.com
CELP,www.cypressenergy.com
JAXB,www.jaxbank.com
EGAN,www.egain.com
UAL,www.unitedcontinentalholdings.com
ISNS,www.imagesensing.com
CCI,www.crowncastle.com
LIME,www.lime-energy.com
GMAN,www.gordmans.com
PACB,www.pacificbiosciences.com
DMD,www.demandmedia.com
MD,www.mednax.com
BANR,www.banrbank.com
CRI,www.carters.com
CBG,www.cbre.com
GXP,www.greatplainsenergy.com
AMNB,www.amnb.com
MKTO,www.marketo.com
CST,www.cstbrands.com
NWSA,newscorp.com
TGTX,www.tgtherapeutics.com
RDEN,www.elizabetharden.com
HSON,www.hudson.com
DISH,www.dish.com
SAFT,www.safetyinsurance.com
NEE,www.nexteraenergy.com
TIGR,www.tigerlogic.com
MEIP,www.meipharma.com
PKT,www.proceranetworks.com
MFLX,www.mflex.com
PLUS,www.eplus.com
GOOD,www.GladstoneCommercial.com
AEL,www.american-equity.com
PLAB,www.photronics.com
TWX,www.timewarner.com
BKE,www.buckle.com
TXRH,www.texasroadhouse.com
DWA,www.dreamworksanimation.com
CTWS,www.ctwater.com
TCI,www.transconrealty-invest.com
LEAF,www.springleaffinancial.com
ALTR,www.altera.com
BFS,www.saulcenters.com
KOP,www.koppers.com
NETE,www.netelement.com
CTS,www.ctscorp.com
WWAV,www.whitewave.com
FARO,www.faro.com
FCS,www.fairchildsemi.com
WEX,www.wexinc.com
LHCG,www.lhcgroup.com
UBNK,www.unitedfinancialinc.com
IDTI,www.idt.com
IBM,www.ibm.com
GBCI,www.glacierbancorp.com
OAKS,www.fiveoaksinvestment.com
BKS,www.barnesandnobleinc.com
COST,www.costco.com
GAIN,www.gladstoneinvestment.com
ELSE,www.electro-sensors.com
FAST,www.fastenal.com
CACB,www.botc.com
ALXA,www.alexza.com
CMT,www.coremt.com
DDD,www.3dsystems.com
DAKT,www.daktronics.com
DSPG,www.dspg.com
CFI,www.culpinc.com
DHR,www.danaher.com
GABC,www.germanamericanbancorp.com
HR,www.healthcarerealty.com
AKR,www.acadiarealty.com
CSU,www.capitalsenior.com
SSBI,www.summitstatebank.com
GIS,www.generalmills.com
SPW,www.spx.com
MGI,corporate.moneygram.com
OVAS,www.ovascience.com
BEBE,www.bebe.com
CMLS,www.cumulus.com
MSB,www.mesabi-trust.com
INDB,www.rocklandtrust.com
XONE,www.exone.com
SEM,www.selectmedicalcorp.com
FOLD,www.amicustherapeutics.com
HES,www.hess.com
HNH,www.handyharman.com
JW.A,www.wiley.com
WEC,www.wisconsinenergy.com
MMSI,www.merit.com
HSGX,www.histogenics.com
BKJ,www.bonj.net
MLI,www.muellerindustries.com
AIMC,www.altramotion.com
BLIN,www.bridgelinedigital.com
MSFG,www.mainsourcefinancial.com
OPGN,www.opgen.com
TEGP,www.tallgrassenergy.com
EVA,NULL
TTEC,www.teletech.com
APOG,www.apog.com
VLGEA,www.shoprite.com
AVA,www.avistacorp.com
WPCS,www.wpcs.com
CDE,www.coeur.com
MDVX,www.medovex.com
DEA,www.easterlyreit.com
IDT,www.idt.net
NSPH,www.nanosphere.us
SYRG,www.syrginfo.com
THC,www.tenethealth.com
NWE,www.northwesternenergy.com
DGX,www.questdiagnostics.com
PHMD,www.photomedex.com
ARP,www.atlasresourcepartners.com
LMT,www.lockheedmartin.com
ALDX,www.aldeyra.com
SYN,www.syntheticbiologics.com
DHX,www.dhigroupinc.com
BKEP,www.bkep.com
MDXG,www.mimedx.com
ZGNX,www.zogenix.com
CDXS,www.codexis.com
AHPI,www.alliedhpi.com
MSON,www.misonix.com
T,www.att.com
DIN,www.dineequity.com
MTG,mtg.mgic.com
EZPW,www.ezcorp.com
FIZZ,www.nbcfiz.com
RHP,www.rymanhp.com
LXRX,www.lexpharma.com
SONS,www.sonusnet.com
INSM,www.insmed.com
PDCE,www.pdce.com
PCH,www.potlatchcorp.com
PNM,www.pnmresources.com
SBCP,www.sunshinestatefederal.com
SEE,www.sealedair.com
FNGN,www.financialengines.com
UEIC,www.uei.com
INTU,www.intuit.com
EXAS,www.exactsciences.com
MEG,www.mediageneral.com
GLAD,www.gladstonecapital.com
ROG,www.rogerscorp.com
ISIG,www.insigniasystems.com
CNX,www.consolenergy.com
SAJA,www.sajan.com
AOSL,www.aosmd.com
OI,www.o-i.com
BSQR,www.bsquare.com
Z,www.zillowgroup.com
ENPH,www.enphase.com
BBRG,www.bbrg.com
EXAM,www.examworks.com
HHC,www.howardhughes.com
IART,www.integralife.com
POOL,www.poolcorp.com
ASFI,www.astafunding.com
BANC,www.bancinc.com
EEQ,www.enbridgemanagement.com
ALNY,www.alnylam.com
QEPM,www.qepm.com
COMM,www.commscope.com
NWPX,www.nwpipe.com
GTI,www.graftech.com
BDSI,www.bdsi.com
ESP,www.espey.com
XOM,www.exxonmobil.com
ZTS,www.zoetis.com
AFAM,www.almostfamily.com
RL,www.ralphlauren.com
TBBK,www.thebancorp.com
GSIT,www.gsitechnology.com
NOV,www.natoil.com
VSAT,www.viasat.com
BK,www.bnymellon.com
BMS,www.bemis.com
COLB,www.columbiabank.com
WFBI,www.wfbi.com
CVGI,www.cvgrp.com
SYMX,www.synthesisenergy.com
ANCX,www.accessnationalbank.com
CUBE,www.cubesmart.com
SOHO,www.sotherlyhotels.com
DX,www.dynexcapital.com
RAIL,www.freightcaramerica.com
IHS,www.ihs.com
RSO,www.resourcecapitalcorp.com
EOG,www.eogresources.com
BPFH,www.bostonprivate.com
GLP,www.globalp.com
LBMH,www.liberatormedical.com
MAA,www.maac.net
MTB,www.mtb.com
FCE.A,www.forestcity.net
DAL,www.delta.com
MGCD,www.mgcdiagnostics.com
JNP,www.juniperpharma.com
RGA,www.rgare.com
SKT,www.tangeroutlet.com
CUI,www.cuiglobal.com
3FMCC,www.freddiemac.com
AIV,www.aimco.com
RS,www.rsac.com
UNB,NULL
SUMR,www.summerinfant.com
MCK,www.mckesson.com
GENC,www.gencor.com
SYPR,www.sypris.com
VRTB,www.vestinrealtymortgage2.com
AIR,www.aarcorp.com
AIRT,www.airt.net
LNT,www.alliantenergy.com
GRBK,www.greenbrickpartners.com
MG,www.mistrasgroup.com
NTRI,www.nutrisystem.com
PRPH,www.prophaselabs.com
DCT,www.dctindustrial.com
SUN,www.sunocolp.com
GSBD,NULL
APIC,www.apigee.com
BOJA,www.bojangles.com
LAMR,www.lamar.com
CSV,www.carriageservices.com
TACT,www.transact-tech.com
PNX,www.phoenixwm.com
VTNR,www.vertexenergy.com
AXP,www.americanexpress.com
AAPL,www.apple.com
VISI,www.volt.com
W,www.wayfair.com
CMN,www.cantelmedical.com
CVX,www.chevron.com
PN,www.patnat.com
ESTE,www.earthstoneenergy.com
BLPH,www.bellerophon.com
ENSG,www.ensigngroup.net
NKE,www.nikeinc.com
DNOW,www.distributionnow.com
OPB,www.opusbank.com
COT,www.cott.com
SPLK,www.splunk.com
PFMT,www.performantcorp.com
XCO,www.excoresources.com
QDEL,www.quidel.com
BAC,www.bankofamerica.com
CLRO,www.clearone.com
ECHO,www.echo.com
PCTY,www.paylocity.com
AMBR,www.amberroad.com
KTWO,www.k2m.com
CVBF,www.cbbank.com
CXO,www.conchoresources.com
JBSS,www.jbssinc.com
PVCT,www.pvct.com
STJ,www.sjm.com
PTNT,www.internetpatentscorporation.net
LOXO,www.loxooncology.com
BNK,NULL
NUTR,www.nutraceutical.com
SON,www.sonoco.com
SCL,www.stepan.com
BIIB,www.biogenidec.com
AMTG,www.apolloresidentialmortgage.com
ALGN,www.aligntech.com
SGEN,www.seattlegenetics.com
SSE,www.77nrg.com
GEVA,www.synageva.com
PICO,www.picoholdings.com
EPAY,www.bottomline.com
KFY,www.kornferry.com
PCLN,www.pricelinegroup.com
TOWN,www.townebankonline.com
MXL,www.maxlinear.com
HPP,www.hudsonpacificproperties.com
NWBI,www.northwestsavingsbank.com
CCRN,www.crosscountryhealthcare.com
OII,www.oceaneering.com
OSGB,www.osg.com
SCAI,www.scasurgery.com
DRNA,www.dicerna.com
LC,www.lendingclub.com
OMN,www.omnova.com
PCTI,www.pctel.com
GRPN,www.groupon.com
TRCO,www.tribunemedia.com
ALLB,www.allianceanytime.com
CUTR,www.cutera.com
NCT,www.newcastleinv.com
SNDK,www.sandisk.com
EL,www.elcompanies.com
LOV,www.spark.net
K,www.kelloggcompany.com
CYNI,www.cyaninc.com
FNB,www.fnbcorporation.com
SGU,www.star-gas.com
ESCA,www.escaladeinc.com
SPN,www.superiorenergy.com
WIRE,www.encorewire.com
CAKE,www.thecheesecakefactory.com
BWLD,www.buffalowildwings.com
CMO,www.capstead.com
CDR,www.cedarrealtytrust.com
PX,www.praxair.com
WLK,www.westlake.com
ITT,www.itt.com
IP,www.internationalpaper.com
BBX,www.bbxcapital.com
RESI,www.altisourceresi.com
DGII,www.digi.com
UTEK,www.ultratech.com
BYD,www.boydgaming.com
WPZ,www.williamslp.com
CVV,www.cvdequipment.com
BDN,www.brandywinerealty.com
OMEX,www.shipwreck.net
MTOR,www.meritor.com
HURN,www.huronconsultinggroup.com
EXLS,www.exlservice.com
BWA,www.borgwarner.com
AMT,www.americantower.com
CPS,www.cooperstandard.com
EMN,www.eastman.com
CLMT,www.calumetspecialty.com
AHGP,www.ahgp.com
ASTI,www.ascentsolar.com
FLXS,www.flexsteel.com
FEIM,www.freqelec.com
IPGP,www.ipgphotonics.com
HNSN,www.hansenmedical.com
CDW,www.cdw.com
SHLO,www.shiloh.com
DEPO,www.depomedinc.com
AMP,www.ameriprise.com
VLO,www.valero.com
DAR,www.darlingii.com
AWX,www.avalonholdings.com
NHTB,www.snl.com
WSFS,www.wsfsbank.com
PENN,www.pngaming.com
HK,www.halconresources.com
LMAT,www.lemaitre.com
IPHS,www.innophos.com
ICFI,www.icfi.com
OSIR,www.osiristx.com
ABT,www.abbott.com
AET,www.aetna.com
TEG,www.integrysgroup.com
WOR,www.worthingtonindustries.com
YORW,www.yorkwater.com
JKHY,www.jackhenry.com
ACLS,www.axcelis.com
GYRO,www.gyrodyne.com
LOJN,www.lojack.com
HTLD,www.heartlandexpress.com
ESE,www.escotechnologies.com
BSM,www.blackstoneminerals.com
ISDR,www.issuerdirect.com
VAL,www.valspar.com
GHC,www.ghco.com
NAME,www.rightside.co
PBHC,www.pathfinderbancorpinc.com
SQI,www.sciquest.com
LRN,www.k12.com
CFNB,www.calfirstbancorp.com
GNCMA,www.gci.com
ACAT,www.arctic-cat.com
SASR,www.sandyspringbank.com
BBGI,www.bbgi.com
JWN,www.nordstrom.com
SLM,www.salliemae.com
EQM,www.eqtmidstreampartners.com
NYLD.A,www.nrgyield.com
LPCN,www.lipocine.com
TSO,www.tsocorp.com
TOF,www.tofutti.com
TTEK,www.tetratech.com
RNET,www.rig.net
TRCH,www.torchlightenergy.com
CTRV,www.contravir.com
CERU,www.ceruleanrx.com
APDN,www.adnas.com
OWW,www.orbitz.com
JCOM,www.j2global.com
COWN,www.cowen.com
PEI,www.preit.com
ROKA,www.rokabio.com
NSAM,www.nsamgroup.com
ACY,www.aerocentury.com
EIX,www.edison.com
VRTX,www.vrtx.com
SGMO,www.sangamo.com
P,www.pandora.com
TISI,www.teamindustrialservices.com
ATR,www.aptar.com
MN,www.manning-napier.com
GWRE,www.guidewire.com
VAC,www.marriottvacationsworldwide.com
TLMR,https://www.snl.com
HGT,www.hugotontrust.com
WCC,www.wesco.com
RATE,www.bankrate.com
NSM,www.nationstarholdings.com
ZBB,www.zbbenergy.com
CDTI,www.cdti.com
PHH,www.phh.com
TWTR,www.twitter.com
TPUB,www.tribpub.com
MFNC,www.bankmbank.com
DRII,www.diamondresorts.com
BDE,www.blackdiamond-inc.com
SAVE,www.spiritair.com
UIL,www.uil.com
UTL,www.unitil.com
BMRC,www.bankofmarin.com
VNTV,www.vantiv.com
SPWH,www.sportsmanswarehouse.com
MYGN,www.myriad.com
UNIS,www.unilife.com
NUVA,www.nuvasive.com
KEX,www.kirbycorp.com
LZB,www.la-z-boy.com
WBB,www.westburybankwi.com
SAM,www.bostonbeer.com
GLOW,www.glowpoint.com
RJET,www.rjet.com
STRS,www.stratusproperties.com
LAYN,www.layne.com
AMZN,www.amazon.com
MCHX,www.marchex.com
USNA,www.usanahealthsciences.com
UNFI,www.unfi.com
HCHC,www.HC2.com
GEL,www.genesisenergy.com
ACOR,www.acorda.com
ALOT,www.astro-medinc.com
BDX,www.bd.com
3GTHP,www.guidedinc.com
NWY,www.nyandcompany.com
ITW,www.itwinc.com
EMCI,www.emcins.com
CNTY,www.cnty.com
UFPI,www.ufpi.com
TRAK,www.dealertrack.com
CRD.A,www.crawfordandcompany.com
CWT,www.calwatergroup.com
MIDD,www.middleby.com
IACI,www.iac.com
CAC,www.camdennational.com
CHCI,www.comstockhomebuilding.com
EDR,www.edrtrust.com
AFSI,www.amtrustgroup.com
AIRI,www.airindustriesgroup.com
F,www.ford.com
FELE,www.franklin-electric.com
LH,www.labcorp.com
DGAS,www.deltagas.com
GRC,www.gormanrupp.com
GLF,www.gulfmark.com
RSG,www.republicservices.com
FCCO,NULL
MMC,www.mmc.com
MHFI,www.mhfi.com
NBBC,www.newbridgebank.com
NWLI,www.nationalwesternlife.com
CECE,www.cecoenviro.com
AA,www.alcoa.com
FL,www.footlocker-inc.com
INCR,www.incresearch.com
STRA,www.strayereducation.com
MDCO,www.themedicinescompany.com
ATVI,www.activisionblizzard.com
KBIO,www.kalobios.com
NVDA,www.nvidia.com
AVNW,www.aviatnetworks.com
ARAY,www.accuray.com
BA,www.boeing.com
ENRJ,www.enerjex.com
PERF,www.perfumaniaholdingsinc.com
ANAT,www.anico.com
AP,www.ampcopittsburgh.com
ARCB,www.arcb.com
CRC,www.crc.com
IRM,www.ironmountain.com
AMCO,www.armcometals.com
3ACLZ,www.accelerizenewmedia.com
ERB,www.erbadiagnostics.com
FFNW,www.fsbnw.com
RBCN,www.rubicontechnology.com
LNBB,www.4lnb.com
GOGO,www.gogoair.com
HTBI,www.hometrustbancshares.com
DAKP,www.dakotaplains.com
SDR,NULL
TNC,www.tennantco.com
EQIX,www.equinix.com
SREV,www.servicesource.com
AL,www.airleasecorp.com
RT,www.rubytuesday.com
MYCC,www.clubcorp.com
WNRL,www.wnrl.com
DPS,www.drpeppersnapple.com
ERII,www.energyrecovery.com
CMFN,www.cmfn-inc.com
CVEO,www.civeo.com
HGG,www.hhgregg.com
PEG,www.pseg.com
BDMS,www.perfectteeth.com
SWN,www.swn.com
SPAN,www.spanamerica.com
BOKF,www.bokf.com
ROST,www.rossstores.com
RDC,www.rowancompanies.com
R,www.ryder.com
SALM,www.salem.cc
TRNO,www.terreno.com
EPAM,www.epam.com
PRSS,www.cafepressinc.com
CEMP,www.cempra.com
HBHC,www.hancockbank.com
ETM,www.entercom.com
TST,www.thestreet.com
BRCD,www.brocade.com
CLDT,www.chathamlodgingtrust.com
SKYW,www.skywest.com
O,www.realtyincome.com
HTWR,www.heartware.com
FE,www.firstenergycorp.com
OMI,www.owens-minor.com
PBPB,www.potbelly.com
NMBL,www.nimblestorage.com
UG,www.u-g.com
LAND,www.gladstoneland.com
ORCL,www.oracle.com
CONE,www.cyrusone.com
PCYC,www.pharmacyclics.com
WAT,www.waters.com
NXST,www.nexstar.tv
TCBI,www.texascapitalbank.com
TTPH,www.tphase.com
CMRX,www.chimerix.com
HMTV,www.hemispheretv.com
RCPT,www.receptos.com
3EKSO,www.eksobionics.com
EARN,www.earnreit.com
TGEN,www.tecogen.com
WSTL,www.westell.com
BHB,www.bhbt.com
HA,www.hawaiianair.com
IM,www.ingrammicro.com
SP,www.spplus.com
AZZ,www.azz.com
ROP,www.roperind.com
HSKA,www.heska.com
BWFG,www.mybankwell.com
MICT,www.micronet-enertec.com
AEC,www.associatedestates.com
CPLA,www.capellaeducationcompany.com
KONA,www.konagrill.com
BDBD,www.boulderbrands.com
CSC,www.csc.com
MCRI,www.monarchcasino.com
ARRS,www.arrisi.com
HBOS,www.eheritagebank.com
EGLE,www.eagleships.com
CELG,www.celgene.com
QUMU,www.qumu.com
SM,www.sm-energy.com
CKH,www.seacorholdings.com
SSFN,www.asbnow.com
MBRG,www.middleburgbank.com
TEAR,www.tearlab.com
PBIP,www.prudentialsavingsbank.com
DIS,www.thewaltdisneycompany.com
OMC,www.omnicomgroup.com
EDUC,www.edcpub.com
LUNA,www.lunainc.com
ARTX,www.arotech.com
MAC,www.macerich.com
NMRX,www.numerex.com
RNWK,www.realnetworks.com
GV,www.goldfieldcorp.com
GT,www.goodyear.com
LWAY,www.lifeway.net
PDII,www.pdi-inc.com
WCN,www.wasteconnections.com
EGBN,www.eaglebankcorp.com
CTSH,www.cognizant.com
LMCA,www.libertymedia.com
SIGI,www.selectiveinsurance.com
SUSQ,www.susquehanna.net
UBSI,www.ubsi-inc.com
ESS,www.essexpropertytrust.com
CVLT,www.commvault.com
ORBC,www.orbcomm.com
ATRI,www.atrioncorp.com
WSM,www.williams-sonomainc.com
ZION,www.zionsbancorporation.com
DW,www.drewindustries.com
3KDUS,NULL
PEGA,www.pega.com
PTIE,www.paintrials.com
HRS,www.harris.com
CNP,www.centerpointenergy.com
CUR,www.neuralstem.com
III,www.informationsg.com
HF,www.hfflp.com
RKDA,www.arcadiabio.com
MVIS,www.microvision.com
MMP,www.magellanlp.com
WMGI,www.wmt.com
IRC,www.inlandrealestate.com
H,www.hyatt.com
ANDE,www.andersonsinc.com
AMAT,www.appliedmaterials.com
SZMK,www.sizmek.com
ALSK,www.alaskacommunications.com
RCPI,www.rockcreekpharmaceuticals.com
UE,www.uedge.com
LPSB,www.laportesavingsbank.com
MDCA,www.mdc-partners.com
CUBI,www.customersbank.com
MM,www.millennialmedia.com
FELP,www.foresight.com
CLIR,clearsign.com
OFC,www.copt.com
COH,www.coach.com
MSA,www.msasafety.com
LRCX,www.lamresearch.com
PAHC,www.pahc.com
ATHN,www.athenahealth.com
WTR,www.aquaamerica.com
IPDN,www.profusional.com
OVLY,www.ovcb.com
LIVE,livedeal.com
PRA,www.proassurance.com
VIAS,www.viasystems.com
AMID,www.americanmidstream.com
SIAL,www.sigmaaldrich.com
NLS,www.nautilusinc.com
FISI,www.fiiwarsaw.com
ECPG,www.encorecapital.com
EGOV,www.egov.com
DWRE,www.demandware.com
XLS,www.exelisinc.com
ACHC,www.acadiahealthcare.com
RBC,www.regal-beloit.com
TREX,www.trex.com
BSFT,www.broadsoft.com
ONE,www.higherone.com
LION,www.lionbank.com
XPO,www.xpocorporate.com
AINV,www.apolloic.com
RLYP,www.relypsa.com
CARA,www.caratherapeutics.com
CBAY,www.cymabay.com
NTCT,www.netscout.com
ENT,www.globaleagleent.com
S,www.sprint.com
BDCV,www.BDCV.com
MUR,www.murphyoilcorp.com
CDNS,www.cadence.com
AEPI,www.aepinc.com
NGVC,www.naturalgrocers.com
EPD,www.enterpriseproducts.com
FSL,www.freescale.com
NVIV,www.invivotherapeutics.com
LXK,www.lexmark.com
MMLP,www.martinmidstream.com
